site_code,site_name,pollutant_name,pollutant_api_code,timestamp,value
GN3,Greenwich - Plumstead High Street,NO2,NO2,2008-01-31 00:00:00,17.6
GN3,Greenwich - Plumstead High Street,NO2,NO2,2008-01-31 01:00:00,10.5
GN3,Greenwich - Plumstead High Street,NO2,NO2,2008-01-31 02:00:00,6.5
GN3,Greenwich - Plumstead High Street,NO2,NO2,2008-01-31 03:00:00,5.6
GN3,Greenwich - Plumstead High Street,NO2,NO2,2008-01-31 04:00:00,6.0
GN3,Greenwich - Plumstead High Street,NO2,NO2,2008-01-31 05:00:00,11.2
GN3,Greenwich - Plumstead High Street,NO2,NO2,2008-01-31 06:00:00,19.8
GN3,Greenwich - Plumstead High Street,NO2,NO2,2008-01-31 07:00:00,24.4
GN3,Greenwich - Plumstead High Street,NO2,NO2,2008-01-31 08:00:00,25.2
GN3,Greenwich - Plumstead High Street,NO2,NO2,2008-01-31 09:00:00,22.5
GN3,Greenwich - Plumstead High Street,NO2,NO2,2008-01-31 10:00:00,19.3
GN3,Greenwich - Plumstead High Street,NO2,NO2,2008-01-31 11:00:00,15.0
GN3,Greenwich - Plumstead High Street,NO2,NO2,2008-01-31 12:00:00,17.9
GN3,Greenwich - Plumstead High Street,NO2,NO2,2008-01-31 13:00:00,37.8
GN3,Greenwich - Plumstead High Street,NO2,NO2,2008-01-31 14:00:00,41.0
GN3,Greenwich - Plumstead High Street,NO2,NO2,2008-01-31 15:00:00,47.5
GN3,Greenwich - Plumstead High Street,NO2,NO2,2008-01-31 16:00:00,43.9
GN3,Greenwich - Plumstead High Street,NO2,NO2,2008-01-31 17:00:00,46.4
GN3,Greenwich - Plumstead High Street,NO2,NO2,2008-01-31 18:00:00,37.2
GN3,Greenwich - Plumstead High Street,NO2,NO2,2008-01-31 19:00:00,33.6
GN3,Greenwich - Plumstead High Street,NO2,NO2,2008-01-31 20:00:00,31.6
GN3,Greenwich - Plumstead High Street,NO2,NO2,2008-01-31 21:00:00,29.6
GN3,Greenwich - Plumstead High Street,NO2,NO2,2008-01-31 22:00:00,27.9
GN3,Greenwich - Plumstead High Street,NO2,NO2,2008-01-31 23:00:00,18.3
GN3,Greenwich - Plumstead High Street,NO2,NO2,2008-02-01 00:00:00,16.8
GN3,Greenwich - Plumstead High Street,NO2,NO2,2008-02-01 01:00:00,8.5
GN3,Greenwich - Plumstead High Street,NO2,NO2,2008-02-01 02:00:00,6.9
GN3,Greenwich - Plumstead High Street,NO2,NO2,2008-02-01 03:00:00,7.8
GN3,Greenwich - Plumstead High Street,NO2,NO2,2008-02-01 04:00:00,11.0
GN3,Greenwich - Plumstead High Street,NO2,NO2,2008-02-01 05:00:00,27.3
GN3,Greenwich - Plumstead High Street,NO2,NO2,2008-02-01 06:00:00,42.5
GN3,Greenwich - Plumstead High Street,NO2,NO2,2008-02-01 07:00:00,54.8
GN3,Greenwich - Plumstead High Street,NO2,NO2,2008-02-01 08:00:00,76.1
GN3,Greenwich - Plumstead High Street,NO2,NO2,2008-02-01 09:00:00,61.8
GN3,Greenwich - Plumstead High Street,NO2,NO2,2008-02-01 10:00:00,59.3
GN3,Greenwich - Plumstead High Street,NO2,NO2,2008-02-01 11:00:00,60.6
GN3,Greenwich - Plumstead High Street,NO2,NO2,2008-02-01 12:00:00,75.8
GN3,Greenwich - Plumstead High Street,NO2,NO2,2008-02-01 13:00:00,86.9
GN3,Greenwich - Plumstead High Street,NO2,NO2,2008-02-01 14:00:00,61.8
GN3,Greenwich - Plumstead High Street,NO2,NO2,2008-02-01 15:00:00,67.5
GN3,Greenwich - Plumstead High Street,NO2,NO2,2008-02-01 16:00:00,77.1
GN3,Greenwich - Plumstead High Street,NO2,NO2,2008-02-01 17:00:00,66.5
GN3,Greenwich - Plumstead High Street,NO2,NO2,2008-02-01 18:00:00,89.9
GN3,Greenwich - Plumstead High Street,NO2,NO2,2008-02-01 19:00:00,71.1
GN3,Greenwich - Plumstead High Street,NO2,NO2,2008-02-01 20:00:00,59.5
GN3,Greenwich - Plumstead High Street,NO2,NO2,2008-02-01 21:00:00,61.1
GN3,Greenwich - Plumstead High Street,NO2,NO2,2008-02-01 22:00:00,49.9
GN3,Greenwich - Plumstead High Street,NO2,NO2,2008-02-01 23:00:00,51.0
GN3,Greenwich - Plumstead High Street,NO2,NO2,2008-02-02 00:00:00,47.9
GN3,Greenwich - Plumstead High Street,NO2,NO2,2008-02-02 01:00:00,42.4
GN3,Greenwich - Plumstead High Street,NO2,NO2,2008-02-02 02:00:00,34.5
GN3,Greenwich - Plumstead High Street,NO2,NO2,2008-02-02 03:00:00,28.5
GN3,Greenwich - Plumstead High Street,NO2,NO2,2008-02-02 04:00:00,32.4
GN3,Greenwich - Plumstead High Street,NO2,NO2,2008-02-02 05:00:00,40.7
GN3,Greenwich - Plumstead High Street,NO2,NO2,2008-02-02 06:00:00,47.3
GN3,Greenwich - Plumstead High Street,NO2,NO2,2008-02-02 07:00:00,57.3
GN3,Greenwich - Plumstead High Street,NO2,NO2,2008-02-02 08:00:00,58.9
GN3,Greenwich - Plumstead High Street,NO2,NO2,2008-02-02 09:00:00,52.1
GN3,Greenwich - Plumstead High Street,NO2,NO2,2008-02-02 10:00:00,56.2
GN3,Greenwich - Plumstead High Street,NO2,NO2,2008-02-02 11:00:00,45.4
GN3,Greenwich - Plumstead High Street,NO2,NO2,2008-02-02 12:00:00,33.2
GN3,Greenwich - Plumstead High Street,NO2,NO2,2008-02-02 13:00:00,32.5
GN3,Greenwich - Plumstead High Street,NO2,NO2,2008-02-02 14:00:00,47.6
GN3,Greenwich - Plumstead High Street,NO2,NO2,2008-02-02 15:00:00,38.0
GN3,Greenwich - Plumstead High Street,NO2,NO2,2008-02-02 16:00:00,56.9
GN3,Greenwich - Plumstead High Street,NO2,NO2,2008-02-02 17:00:00,68.4
GN3,Greenwich - Plumstead High Street,NO2,NO2,2008-02-02 18:00:00,50.0
GN3,Greenwich - Plumstead High Street,NO2,NO2,2008-02-02 19:00:00,40.1
GN3,Greenwich - Plumstead High Street,NO2,NO2,2008-02-02 20:00:00,33.0
GN3,Greenwich - Plumstead High Street,NO2,NO2,2008-02-02 21:00:00,29.3
GN3,Greenwich - Plumstead High Street,NO2,NO2,2008-02-02 22:00:00,18.7
GN3,Greenwich - Plumstead High Street,NO2,NO2,2008-02-02 23:00:00,14.2
GN3,Greenwich - Plumstead High Street,NO2,NO2,2008-02-03 00:00:00,15.7
GN3,Greenwich - Plumstead High Street,NO2,NO2,2008-02-03 01:00:00,7.3
GN3,Greenwich - Plumstead High Street,NO2,NO2,2008-02-03 02:00:00,7.2
GN3,Greenwich - Plumstead High Street,NO2,NO2,2008-02-03 03:00:00,5.0
GN3,Greenwich - Plumstead High Street,NO2,NO2,2008-02-03 04:00:00,7.3
GN3,Greenwich - Plumstead High Street,NO2,NO2,2008-02-03 05:00:00,9.8
GN3,Greenwich - Plumstead High Street,NO2,NO2,2008-02-03 06:00:00,13.1
GN3,Greenwich - Plumstead High Street,NO2,NO2,2008-02-03 07:00:00,15.7
GN3,Greenwich - Plumstead High Street,NO2,NO2,2008-02-03 08:00:00,16.9
GN3,Greenwich - Plumstead High Street,NO2,NO2,2008-02-03 09:00:00,14.9
GN3,Greenwich - Plumstead High Street,NO2,NO2,2008-02-03 10:00:00,15.1
GN3,Greenwich - Plumstead High Street,NO2,NO2,2008-02-03 11:00:00,18.6
GN3,Greenwich - Plumstead High Street,NO2,NO2,2008-02-03 12:00:00,21.6
GN3,Greenwich - Plumstead High Street,NO2,NO2,2008-02-03 13:00:00,26.5
GN3,Greenwich - Plumstead High Street,NO2,NO2,2008-02-03 14:00:00,27.9
GN3,Greenwich - Plumstead High Street,NO2,NO2,2008-02-03 15:00:00,31.6
GN3,Greenwich - Plumstead High Street,NO2,NO2,2008-02-03 16:00:00,28.7
GN3,Greenwich - Plumstead High Street,NO2,NO2,2008-02-03 17:00:00,36.0
GN3,Greenwich - Plumstead High Street,NO2,NO2,2008-02-03 18:00:00,33.2
GN3,Greenwich - Plumstead High Street,NO2,NO2,2008-02-03 19:00:00,27.9
GN3,Greenwich - Plumstead High Street,NO2,NO2,2008-02-03 20:00:00,32.3
GN3,Greenwich - Plumstead High Street,NO2,NO2,2008-02-03 21:00:00,33.5
GN3,Greenwich - Plumstead High Street,NO2,NO2,2008-02-03 22:00:00,15.9
GN3,Greenwich - Plumstead High Street,NO2,NO2,2008-02-03 23:00:00,12.5
GN3,Greenwich - Plumstead High Street,NO2,NO2,2008-02-04 00:00:00,16.1
GN3,Greenwich - Plumstead High Street,NO2,NO2,2008-02-04 01:00:00,11.4
GN3,Greenwich - Plumstead High Street,NO2,NO2,2008-02-04 02:00:00,9.2
GN3,Greenwich - Plumstead High Street,NO2,NO2,2008-02-04 03:00:00,8.4
GN3,Greenwich - Plumstead High Street,NO2,NO2,2008-02-04 04:00:00,17.2
GN3,Greenwich - Plumstead High Street,NO2,NO2,2008-02-04 05:00:00,37.5
GN3,Greenwich - Plumstead High Street,NO2,NO2,2008-02-04 06:00:00,50.7
GN3,Greenwich - Plumstead High Street,NO2,NO2,2008-02-04 07:00:00,87.1
GN3,Greenwich - Plumstead High Street,NO2,NO2,2008-02-04 08:00:00,96.0
GN3,Greenwich - Plumstead High Street,NO2,NO2,2008-02-04 09:00:00,91.8
GN3,Greenwich - Plumstead High Street,NO2,NO2,2008-02-04 10:00:00,67.0
GN3,Greenwich - Plumstead High Street,NO2,NO2,2008-02-04 11:00:00,55.9
GN3,Greenwich - Plumstead High Street,NO2,NO2,2008-02-04 12:00:00,37.8
GN3,Greenwich - Plumstead High Street,NO2,NO2,2008-02-04 13:00:00,35.1
GN3,Greenwich - Plumstead High Street,NO2,NO2,2008-02-04 14:00:00,33.4
GN3,Greenwich - Plumstead High Street,NO2,NO2,2008-02-04 15:00:00,50.4
GN3,Greenwich - Plumstead High Street,NO2,NO2,2008-02-04 16:00:00,47.1
GN3,Greenwich - Plumstead High Street,NO2,NO2,2008-02-04 17:00:00,63.1
GN3,Greenwich - Plumstead High Street,NO2,NO2,2008-02-04 18:00:00,47.8
GN3,Greenwich - Plumstead High Street,NO2,NO2,2008-02-04 19:00:00,41.4
GN3,Greenwich - Plumstead High Street,NO2,NO2,2008-02-04 20:00:00,34.9
GN3,Greenwich - Plumstead High Street,NO2,NO2,2008-02-04 21:00:00,34.2
GN3,Greenwich - Plumstead High Street,NO2,NO2,2008-02-04 22:00:00,19.5
GN3,Greenwich - Plumstead High Street,NO2,NO2,2008-02-04 23:00:00,10.3
GN3,Greenwich - Plumstead High Street,NO2,NO2,2008-02-05 00:00:00,7.7
GN3,Greenwich - Plumstead High Street,NO2,NO2,2008-02-05 01:00:00,3.0
GN3,Greenwich - Plumstead High Street,NO2,NO2,2008-02-05 02:00:00,3.2
GN3,Greenwich - Plumstead High Street,NO2,NO2,2008-02-05 03:00:00,3.8
GN3,Greenwich - Plumstead High Street,NO2,NO2,2008-02-05 04:00:00,6.0
GN3,Greenwich - Plumstead High Street,NO2,NO2,2008-02-05 05:00:00,11.2
GN3,Greenwich - Plumstead High Street,NO2,NO2,2008-02-05 06:00:00,20.2
GN3,Greenwich - Plumstead High Street,NO2,NO2,2008-02-05 07:00:00,30.1
GN3,Greenwich - Plumstead High Street,NO2,NO2,2008-02-05 08:00:00,37.6
GN3,Greenwich - Plumstead High Street,NO2,NO2,2008-02-05 09:00:00,32.0
GN3,Greenwich - Plumstead High Street,NO2,NO2,2008-02-05 10:00:00,26.9
GN3,Greenwich - Plumstead High Street,NO2,NO2,2008-02-05 11:00:00,26.8
GN3,Greenwich - Plumstead High Street,NO2,NO2,2008-02-05 12:00:00,27.7
GN3,Greenwich - Plumstead High Street,NO2,NO2,2008-02-05 13:00:00,34.0
GN3,Greenwich - Plumstead High Street,NO2,NO2,2008-02-05 14:00:00,22.6
GN3,Greenwich - Plumstead High Street,NO2,NO2,2008-02-05 15:00:00,27.3
GN3,Greenwich - Plumstead High Street,NO2,NO2,2008-02-05 16:00:00,31.5
GN3,Greenwich - Plumstead High Street,NO2,NO2,2008-02-05 17:00:00,28.2
GN3,Greenwich - Plumstead High Street,NO2,NO2,2008-02-05 18:00:00,30.0
GN3,Greenwich - Plumstead High Street,NO2,NO2,2008-02-05 19:00:00,37.9
GN3,Greenwich - Plumstead High Street,NO2,NO2,2008-02-05 20:00:00,26.1
GN3,Greenwich - Plumstead High Street,NO2,NO2,2008-02-05 21:00:00,24.3
GN3,Greenwich - Plumstead High Street,NO2,NO2,2008-02-05 22:00:00,22.4
GN3,Greenwich - Plumstead High Street,NO2,NO2,2008-02-05 23:00:00,15.4
GN3,Greenwich - Plumstead High Street,PM2.5,PM25,2008-01-31 00:00:00,9.2
GN3,Greenwich - Plumstead High Street,PM2.5,PM25,2008-01-31 01:00:00,5.1
GN3,Greenwich - Plumstead High Street,PM2.5,PM25,2008-01-31 02:00:00,2.0
GN3,Greenwich - Plumstead High Street,PM2.5,PM25,2008-01-31 03:00:00,4.5
GN3,Greenwich - Plumstead High Street,PM2.5,PM25,2008-01-31 04:00:00,2.7
GN3,Greenwich - Plumstead High Street,PM2.5,PM25,2008-01-31 05:00:00,2.9
GN3,Greenwich - Plumstead High Street,PM2.5,PM25,2008-01-31 06:00:00,9.3
GN3,Greenwich - Plumstead High Street,PM2.5,PM25,2008-01-31 07:00:00,9.0
GN3,Greenwich - Plumstead High Street,PM2.5,PM25,2008-01-31 08:00:00,7.5
GN3,Greenwich - Plumstead High Street,PM2.5,PM25,2008-01-31 09:00:00,5.4
GN3,Greenwich - Plumstead High Street,PM2.5,PM25,2008-01-31 10:00:00,9.4
GN3,Greenwich - Plumstead High Street,PM2.5,PM25,2008-01-31 11:00:00,7.8
GN3,Greenwich - Plumstead High Street,PM2.5,PM25,2008-01-31 12:00:00,4.3
GN3,Greenwich - Plumstead High Street,PM2.5,PM25,2008-01-31 13:00:00,7.7
GN3,Greenwich - Plumstead High Street,PM2.5,PM25,2008-01-31 14:00:00,9.4
GN3,Greenwich - Plumstead High Street,PM2.5,PM25,2008-01-31 15:00:00,5.7
GN3,Greenwich - Plumstead High Street,PM2.5,PM25,2008-01-31 16:00:00,7.7
GN3,Greenwich - Plumstead High Street,PM2.5,PM25,2008-01-31 17:00:00,8.9
GN3,Greenwich - Plumstead High Street,PM2.5,PM25,2008-01-31 18:00:00,7.0
GN3,Greenwich - Plumstead High Street,PM2.5,PM25,2008-01-31 19:00:00,4.2
GN3,Greenwich - Plumstead High Street,PM2.5,PM25,2008-01-31 20:00:00,4.9
GN3,Greenwich - Plumstead High Street,PM2.5,PM25,2008-01-31 21:00:00,6.1
GN3,Greenwich - Plumstead High Street,PM2.5,PM25,2008-01-31 22:00:00,6.3
GN3,Greenwich - Plumstead High Street,PM2.5,PM25,2008-01-31 23:00:00,6.2
GN3,Greenwich - Plumstead High Street,PM2.5,PM25,2008-02-01 00:00:00,1.8
GN3,Greenwich - Plumstead High Street,PM2.5,PM25,2008-02-01 01:00:00,4.3
GN3,Greenwich - Plumstead High Street,PM2.5,PM25,2008-02-01 02:00:00,2.9
GN3,Greenwich - Plumstead High Street,PM2.5,PM25,2008-02-01 03:00:00,2.7
GN3,Greenwich - Plumstead High Street,PM2.5,PM25,2008-02-01 04:00:00,4.1
GN3,Greenwich - Plumstead High Street,PM2.5,PM25,2008-02-01 05:00:00,6.8
GN3,Greenwich - Plumstead High Street,PM2.5,PM25,2008-02-01 06:00:00,7.9
GN3,Greenwich - Plumstead High Street,PM2.5,PM25,2008-02-01 07:00:00,8.5
GN3,Greenwich - Plumstead High Street,PM2.5,PM25,2008-02-01 08:00:00,14.1
GN3,Greenwich - Plumstead High Street,PM2.5,PM25,2008-02-01 09:00:00,10.7
GN3,Greenwich - Plumstead High Street,PM2.5,PM25,2008-02-01 10:00:00,11.3
GN3,Greenwich - Plumstead High Street,PM2.5,PM25,2008-02-01 11:00:00,11.5
GN3,Greenwich - Plumstead High Street,PM2.5,PM25,2008-02-01 12:00:00,11.3
GN3,Greenwich - Plumstead High Street,PM2.5,PM25,2008-02-01 13:00:00,9.5
GN3,Greenwich - Plumstead High Street,PM2.5,PM25,2008-02-01 14:00:00,10.4
GN3,Greenwich - Plumstead High Street,PM2.5,PM25,2008-02-01 15:00:00,9.0
GN3,Greenwich - Plumstead High Street,PM2.5,PM25,2008-02-01 16:00:00,10.8
GN3,Greenwich - Plumstead High Street,PM2.5,PM25,2008-02-01 17:00:00,8.6
GN3,Greenwich - Plumstead High Street,PM2.5,PM25,2008-02-01 18:00:00,10.2
GN3,Greenwich - Plumstead High Street,PM2.5,PM25,2008-02-01 19:00:00,5.9
GN3,Greenwich - Plumstead High Street,PM2.5,PM25,2008-02-01 20:00:00,6.0
GN3,Greenwich - Plumstead High Street,PM2.5,PM25,2008-02-01 21:00:00,6.3
GN3,Greenwich - Plumstead High Street,PM2.5,PM25,2008-02-01 22:00:00,4.6
GN3,Greenwich - Plumstead High Street,PM2.5,PM25,2008-02-01 23:00:00,6.8
GN3,Greenwich - Plumstead High Street,PM2.5,PM25,2008-02-02 00:00:00,6.2
GN3,Greenwich - Plumstead High Street,PM2.5,PM25,2008-02-02 01:00:00,6.9
GN3,Greenwich - Plumstead High Street,PM2.5,PM25,2008-02-02 02:00:00,8.4
GN3,Greenwich - Plumstead High Street,PM2.5,PM25,2008-02-02 03:00:00,3.3
GN3,Greenwich - Plumstead High Street,PM2.5,PM25,2008-02-02 04:00:00,5.3
GN3,Greenwich - Plumstead High Street,PM2.5,PM25,2008-02-02 05:00:00,8.4
GN3,Greenwich - Plumstead High Street,PM2.5,PM25,2008-02-02 06:00:00,5.6
GN3,Greenwich - Plumstead High Street,PM2.5,PM25,2008-02-02 07:00:00,6.3
GN3,Greenwich - Plumstead High Street,PM2.5,PM25,2008-02-02 08:00:00,8.9
GN3,Greenwich - Plumstead High Street,PM2.5,PM25,2008-02-02 09:00:00,8.4
GN3,Greenwich - Plumstead High Street,PM2.5,PM25,2008-02-02 10:00:00,8.6
GN3,Greenwich - Plumstead High Street,PM2.5,PM25,2008-02-02 11:00:00,8.5
GN3,Greenwich - Plumstead High Street,PM2.5,PM25,2008-02-02 12:00:00,6.8
GN3,Greenwich - Plumstead High Street,PM2.5,PM25,2008-02-02 13:00:00,4.7
GN3,Greenwich - Plumstead High Street,PM2.5,PM25,2008-02-02 14:00:00,4.5
GN3,Greenwich - Plumstead High Street,PM2.5,PM25,2008-02-02 15:00:00,4.6
GN3,Greenwich - Plumstead High Street,PM2.5,PM25,2008-02-02 16:00:00,10.5
GN3,Greenwich - Plumstead High Street,PM2.5,PM25,2008-02-02 17:00:00,11.3
GN3,Greenwich - Plumstead High Street,PM2.5,PM25,2008-02-02 18:00:00,9.4
GN3,Greenwich - Plumstead High Street,PM2.5,PM25,2008-02-02 19:00:00,8.6
GN3,Greenwich - Plumstead High Street,PM2.5,PM25,2008-02-02 20:00:00,8.2
GN3,Greenwich - Plumstead High Street,PM2.5,PM25,2008-02-02 21:00:00,8.5
GN3,Greenwich - Plumstead High Street,PM2.5,PM25,2008-02-02 22:00:00,7.6
GN3,Greenwich - Plumstead High Street,PM2.5,PM25,2008-02-02 23:00:00,7.3
GN3,Greenwich - Plumstead High Street,PM2.5,PM25,2008-02-03 00:00:00,5.8
GN3,Greenwich - Plumstead High Street,PM2.5,PM25,2008-02-03 01:00:00,7.7
GN3,Greenwich - Plumstead High Street,PM2.5,PM25,2008-02-03 02:00:00,7.0
GN3,Greenwich - Plumstead High Street,PM2.5,PM25,2008-02-03 03:00:00,6.4
GN3,Greenwich - Plumstead High Street,PM2.5,PM25,2008-02-03 04:00:00,5.1
GN3,Greenwich - Plumstead High Street,PM2.5,PM25,2008-02-03 05:00:00,5.0
GN3,Greenwich - Plumstead High Street,PM2.5,PM25,2008-02-03 06:00:00,6.0
GN3,Greenwich - Plumstead High Street,PM2.5,PM25,2008-02-03 07:00:00,7.4
GN3,Greenwich - Plumstead High Street,PM2.5,PM25,2008-02-03 08:00:00,10.5
GN3,Greenwich - Plumstead High Street,PM2.5,PM25,2008-02-03 09:00:00,7.0
GN3,Greenwich - Plumstead High Street,PM2.5,PM25,2008-02-03 10:00:00,9.0
GN3,Greenwich - Plumstead High Street,PM2.5,PM25,2008-02-03 11:00:00,5.4
GN3,Greenwich - Plumstead High Street,PM2.5,PM25,2008-02-03 12:00:00,6.9
GN3,Greenwich - Plumstead High Street,PM2.5,PM25,2008-02-03 13:00:00,8.8
GN3,Greenwich - Plumstead High Street,PM2.5,PM25,2008-02-03 14:00:00,9.6
GN3,Greenwich - Plumstead High Street,PM2.5,PM25,2008-02-03 15:00:00,14.3
GN3,Greenwich - Plumstead High Street,PM2.5,PM25,2008-02-03 16:00:00,14.8
GN3,Greenwich - Plumstead High Street,PM2.5,PM25,2008-02-03 17:00:00,16.4
GN3,Greenwich - Plumstead High Street,PM2.5,PM25,2008-02-03 18:00:00,14.7
GN3,Greenwich - Plumstead High Street,PM2.5,PM25,2008-02-03 19:00:00,14.7
GN3,Greenwich - Plumstead High Street,PM2.5,PM25,2008-02-03 20:00:00,12.4
GN3,Greenwich - Plumstead High Street,PM2.5,PM25,2008-02-03 21:00:00,11.4
GN3,Greenwich - Plumstead High Street,PM2.5,PM25,2008-02-03 22:00:00,7.9
GN3,Greenwich - Plumstead High Street,PM2.5,PM25,2008-02-03 23:00:00,9.6
GN3,Greenwich - Plumstead High Street,PM2.5,PM25,2008-02-04 00:00:00,9.8
GN3,Greenwich - Plumstead High Street,PM2.5,PM25,2008-02-04 01:00:00,7.8
GN3,Greenwich - Plumstead High Street,PM2.5,PM25,2008-02-04 02:00:00,6.2
GN3,Greenwich - Plumstead High Street,PM2.5,PM25,2008-02-04 03:00:00,5.4
GN3,Greenwich - Plumstead High Street,PM2.5,PM25,2008-02-04 04:00:00,0.3
GN3,Greenwich - Plumstead High Street,PM2.5,PM25,2008-02-04 05:00:00,4.4
GN3,Greenwich - Plumstead High Street,PM2.5,PM25,2008-02-04 06:00:00,6.4
GN3,Greenwich - Plumstead High Street,PM2.5,PM25,2008-02-04 07:00:00,9.4
GN3,Greenwich - Plumstead High Street,PM2.5,PM25,2008-02-04 08:00:00,10.9
GN3,Greenwich - Plumstead High Street,PM2.5,PM25,2008-02-04 09:00:00,10.6
GN3,Greenwich - Plumstead High Street,PM2.5,PM25,2008-02-04 10:00:00,11.0
GN3,Greenwich - Plumstead High Street,PM2.5,PM25,2008-02-04 11:00:00,15.1
GN3,Greenwich - Plumstead High Street,PM2.5,PM25,2008-02-04 12:00:00,7.7
GN3,Greenwich - Plumstead High Street,PM2.5,PM25,2008-02-04 13:00:00,7.3
GN3,Greenwich - Plumstead High Street,PM2.5,PM25,2008-02-04 14:00:00,8.5
GN3,Greenwich - Plumstead High Street,PM2.5,PM25,2008-02-04 15:00:00,8.2
GN3,Greenwich - Plumstead High Street,PM2.5,PM25,2008-02-04 16:00:00,11.0
GN3,Greenwich - Plumstead High Street,PM2.5,PM25,2008-02-04 17:00:00,13.5
GN3,Greenwich - Plumstead High Street,PM2.5,PM25,2008-02-04 18:00:00,10.7
GN3,Greenwich - Plumstead High Street,PM2.5,PM25,2008-02-04 19:00:00,11.3
GN3,Greenwich - Plumstead High Street,PM2.5,PM25,2008-02-04 20:00:00,10.4
GN3,Greenwich - Plumstead High Street,PM2.5,PM25,2008-02-04 21:00:00,11.6
GN3,Greenwich - Plumstead High Street,PM2.5,PM25,2008-02-04 22:00:00,9.1
GN3,Greenwich - Plumstead High Street,PM2.5,PM25,2008-02-04 23:00:00,5.8
GN3,Greenwich - Plumstead High Street,PM2.5,PM25,2008-02-05 00:00:00,7.7
GN3,Greenwich - Plumstead High Street,PM2.5,PM25,2008-02-05 01:00:00,4.5
GN3,Greenwich - Plumstead High Street,PM2.5,PM25,2008-02-05 02:00:00,2.9
GN3,Greenwich - Plumstead High Street,PM2.5,PM25,2008-02-05 03:00:00,3.0
GN3,Greenwich - Plumstead High Street,PM2.5,PM25,2008-02-05 04:00:00,3.8
GN3,Greenwich - Plumstead High Street,PM2.5,PM25,2008-02-05 05:00:00,10.6
GN3,Greenwich - Plumstead High Street,PM2.5,PM25,2008-02-05 06:00:00,14.0
GN3,Greenwich - Plumstead High Street,PM2.5,PM25,2008-02-05 07:00:00,10.9
GN3,Greenwich - Plumstead High Street,PM2.5,PM25,2008-02-05 08:00:00,18.0
GN3,Greenwich - Plumstead High Street,PM2.5,PM25,2008-02-05 09:00:00,15.3
GN3,Greenwich - Plumstead High Street,PM2.5,PM25,2008-02-05 10:00:00,19.4
GN3,Greenwich - Plumstead High Street,PM2.5,PM25,2008-02-05 11:00:00,16.1
GN3,Greenwich - Plumstead High Street,PM2.5,PM25,2008-02-05 12:00:00,18.8
GN3,Greenwich - Plumstead High Street,PM2.5,PM25,2008-02-05 13:00:00,17.7
GN3,Greenwich - Plumstead High Street,PM2.5,PM25,2008-02-05 14:00:00,15.4
GN3,Greenwich - Plumstead High Street,PM2.5,PM25,2008-02-05 15:00:00,16.9
GN3,Greenwich - Plumstead High Street,PM2.5,PM25,2008-02-05 16:00:00,15.2
GN3,Greenwich - Plumstead High Street,PM2.5,PM25,2008-02-05 17:00:00,18.0
GN3,Greenwich - Plumstead High Street,PM2.5,PM25,2008-02-05 18:00:00,14.3
GN3,Greenwich - Plumstead High Street,PM2.5,PM25,2008-02-05 19:00:00,18.1
GN3,Greenwich - Plumstead High Street,PM2.5,PM25,2008-02-05 20:00:00,9.1
GN3,Greenwich - Plumstead High Street,PM2.5,PM25,2008-02-05 21:00:00,10.9
GN3,Greenwich - Plumstead High Street,PM2.5,PM25,2008-02-05 22:00:00,5.3
GN3,Greenwich - Plumstead High Street,PM2.5,PM25,2008-02-05 23:00:00,8.6
GR9,Greenwich - Westhorne Avenue,NO2,NO2,2008-01-31 00:00:00,24.5
GR9,Greenwich - Westhorne Avenue,NO2,NO2,2008-01-31 01:00:00,10.6
GR9,Greenwich - Westhorne Avenue,NO2,NO2,2008-01-31 02:00:00,9.2
GR9,Greenwich - Westhorne Avenue,NO2,NO2,2008-01-31 03:00:00,5.5
GR9,Greenwich - Westhorne Avenue,NO2,NO2,2008-01-31 04:00:00,8.0
GR9,Greenwich - Westhorne Avenue,NO2,NO2,2008-01-31 05:00:00,14.1
GR9,Greenwich - Westhorne Avenue,NO2,NO2,2008-01-31 06:00:00,27.6
GR9,Greenwich - Westhorne Avenue,NO2,NO2,2008-01-31 07:00:00,34.4
GR9,Greenwich - Westhorne Avenue,NO2,NO2,2008-01-31 08:00:00,34.4
GR9,Greenwich - Westhorne Avenue,NO2,NO2,2008-01-31 09:00:00,26.4
GR9,Greenwich - Westhorne Avenue,NO2,NO2,2008-01-31 10:00:00,20.3
GR9,Greenwich - Westhorne Avenue,NO2,NO2,2008-01-31 11:00:00,20.3
GR9,Greenwich - Westhorne Avenue,NO2,NO2,2008-01-31 12:00:00,23.9
GR9,Greenwich - Westhorne Avenue,NO2,NO2,2008-01-31 13:00:00,14.6
GR9,Greenwich - Westhorne Avenue,NO2,NO2,2008-01-31 14:00:00,13.4
GR9,Greenwich - Westhorne Avenue,NO2,NO2,2008-01-31 15:00:00,16.4
GR9,Greenwich - Westhorne Avenue,NO2,NO2,2008-01-31 16:00:00,18.9
GR9,Greenwich - Westhorne Avenue,NO2,NO2,2008-01-31 17:00:00,20.7
GR9,Greenwich - Westhorne Avenue,NO2,NO2,2008-01-31 18:00:00,15.8
GR9,Greenwich - Westhorne Avenue,NO2,NO2,2008-01-31 19:00:00,17.7
GR9,Greenwich - Westhorne Avenue,NO2,NO2,2008-01-31 20:00:00,13.4
GR9,Greenwich - Westhorne Avenue,NO2,NO2,2008-01-31 21:00:00,11.6
GR9,Greenwich - Westhorne Avenue,NO2,NO2,2008-01-31 22:00:00,11.6
GR9,Greenwich - Westhorne Avenue,NO2,NO2,2008-01-31 23:00:00,6.7
GR9,Greenwich - Westhorne Avenue,NO2,NO2,2008-02-01 00:00:00,5.7
GR9,Greenwich - Westhorne Avenue,NO2,NO2,2008-02-01 01:00:00,3.2
GR9,Greenwich - Westhorne Avenue,NO2,NO2,2008-02-01 02:00:00,2.4
GR9,Greenwich - Westhorne Avenue,NO2,NO2,2008-02-01 03:00:00,2.4
GR9,Greenwich - Westhorne Avenue,NO2,NO2,2008-02-01 04:00:00,4.9
GR9,Greenwich - Westhorne Avenue,NO2,NO2,2008-02-01 05:00:00,8.5
GR9,Greenwich - Westhorne Avenue,NO2,NO2,2008-02-01 06:00:00,18.3
GR9,Greenwich - Westhorne Avenue,NO2,NO2,2008-02-01 07:00:00,32.9
GR9,Greenwich - Westhorne Avenue,NO2,NO2,2008-02-01 08:00:00,38.4
GR9,Greenwich - Westhorne Avenue,NO2,NO2,2008-02-01 09:00:00,33.0
GR9,Greenwich - Westhorne Avenue,NO2,NO2,2008-02-01 10:00:00,31.8
GR9,Greenwich - Westhorne Avenue,NO2,NO2,2008-02-01 11:00:00,21.4
GR9,Greenwich - Westhorne Avenue,NO2,NO2,2008-02-01 12:00:00,19.6
GR9,Greenwich - Westhorne Avenue,NO2,NO2,2008-02-01 13:00:00,12.2
GR9,Greenwich - Westhorne Avenue,NO2,NO2,2008-02-01 14:00:00,11.0
GR9,Greenwich - Westhorne Avenue,NO2,NO2,2008-02-01 15:00:00,12.2
GR9,Greenwich - Westhorne Avenue,NO2,NO2,2008-02-01 16:00:00,20.1
GR9,Greenwich - Westhorne Avenue,NO2,NO2,2008-02-01 17:00:00,25.6
GR9,Greenwich - Westhorne Avenue,NO2,NO2,2008-02-01 18:00:00,33.5
GR9,Greenwich - Westhorne Avenue,NO2,NO2,2008-02-01 19:00:00,28.6
GR9,Greenwich - Westhorne Avenue,NO2,NO2,2008-02-01 20:00:00,38.4
GR9,Greenwich - Westhorne Avenue,NO2,NO2,2008-02-01 21:00:00,38.3
GR9,Greenwich - Westhorne Avenue,NO2,NO2,2008-02-01 22:00:00,23.7
GR9,Greenwich - Westhorne Avenue,NO2,NO2,2008-02-01 23:00:00,22.5
GR9,Greenwich - Westhorne Avenue,NO2,NO2,2008-02-02 00:00:00,27.6
GR9,Greenwich - Westhorne Avenue,NO2,NO2,2008-02-02 01:00:00,31.7
GR9,Greenwich - Westhorne Avenue,NO2,NO2,2008-02-02 02:00:00,24.3
GR9,Greenwich - Westhorne Avenue,NO2,NO2,2008-02-02 03:00:00,20.1
GR9,Greenwich - Westhorne Avenue,NO2,NO2,2008-02-02 04:00:00,24.3
GR9,Greenwich - Westhorne Avenue,NO2,NO2,2008-02-02 05:00:00,61.2
GR9,Greenwich - Westhorne Avenue,NO2,NO2,2008-02-02 06:00:00,57.8
GR9,Greenwich - Westhorne Avenue,NO2,NO2,2008-02-02 07:00:00,88.3
GR9,Greenwich - Westhorne Avenue,NO2,NO2,2008-02-02 08:00:00,56.6
GR9,Greenwich - Westhorne Avenue,NO2,NO2,2008-02-02 09:00:00,32.4
GR9,Greenwich - Westhorne Avenue,NO2,NO2,2008-02-02 10:00:00,26.3
GR9,Greenwich - Westhorne Avenue,NO2,NO2,2008-02-02 11:00:00,17.8
GR9,Greenwich - Westhorne Avenue,NO2,NO2,2008-02-02 12:00:00,16.6
GR9,Greenwich - Westhorne Avenue,NO2,NO2,2008-02-02 13:00:00,10.4
GR9,Greenwich - Westhorne Avenue,NO2,NO2,2008-02-02 14:00:00,14.1
GR9,Greenwich - Westhorne Avenue,NO2,NO2,2008-02-02 15:00:00,19.0
GR9,Greenwich - Westhorne Avenue,NO2,NO2,2008-02-02 16:00:00,66.0
GR9,Greenwich - Westhorne Avenue,NO2,NO2,2008-02-02 17:00:00,71.4
GR9,Greenwich - Westhorne Avenue,NO2,NO2,2008-02-02 18:00:00,61.5
GR9,Greenwich - Westhorne Avenue,NO2,NO2,2008-02-02 19:00:00,53.4
GR9,Greenwich - Westhorne Avenue,NO2,NO2,2008-02-02 20:00:00,40.5
GR9,Greenwich - Westhorne Avenue,NO2,NO2,2008-02-02 21:00:00,28.8
GR9,Greenwich - Westhorne Avenue,NO2,NO2,2008-02-02 22:00:00,14.1
GR9,Greenwich - Westhorne Avenue,NO2,NO2,2008-02-02 23:00:00,13.5
GR9,Greenwich - Westhorne Avenue,NO2,NO2,2008-02-03 00:00:00,12.2
GR9,Greenwich - Westhorne Avenue,NO2,NO2,2008-02-03 01:00:00,5.7
GR9,Greenwich - Westhorne Avenue,NO2,NO2,2008-02-03 02:00:00,4.3
GR9,Greenwich - Westhorne Avenue,NO2,NO2,2008-02-03 03:00:00,5.5
GR9,Greenwich - Westhorne Avenue,NO2,NO2,2008-02-03 04:00:00,3.7
GR9,Greenwich - Westhorne Avenue,NO2,NO2,2008-02-03 05:00:00,2.5
GR9,Greenwich - Westhorne Avenue,NO2,NO2,2008-02-03 06:00:00,6.8
GR9,Greenwich - Westhorne Avenue,NO2,NO2,2008-02-03 07:00:00,6.8
GR9,Greenwich - Westhorne Avenue,NO2,NO2,2008-02-03 08:00:00,6.2
GR9,Greenwich - Westhorne Avenue,NO2,NO2,2008-02-03 09:00:00,8.6
GR9,Greenwich - Westhorne Avenue,NO2,NO2,2008-02-03 10:00:00,8.1
GR9,Greenwich - Westhorne Avenue,NO2,NO2,2008-02-03 11:00:00,11.8
GR9,Greenwich - Westhorne Avenue,NO2,NO2,2008-02-03 12:00:00,11.8
GR9,Greenwich - Westhorne Avenue,NO2,NO2,2008-02-03 13:00:00,15.5
GR9,Greenwich - Westhorne Avenue,NO2,NO2,2008-02-03 14:00:00,14.2
GR9,Greenwich - Westhorne Avenue,NO2,NO2,2008-02-03 15:00:00,13.6
GR9,Greenwich - Westhorne Avenue,NO2,NO2,2008-02-03 16:00:00,22.2
GR9,Greenwich - Westhorne Avenue,NO2,NO2,2008-02-03 17:00:00,22.8
GR9,Greenwich - Westhorne Avenue,NO2,NO2,2008-02-03 18:00:00,20.3
GR9,Greenwich - Westhorne Avenue,NO2,NO2,2008-02-03 19:00:00,12.3
GR9,Greenwich - Westhorne Avenue,NO2,NO2,2008-02-03 20:00:00,12.9
GR9,Greenwich - Westhorne Avenue,NO2,NO2,2008-02-03 21:00:00,12.3
GR9,Greenwich - Westhorne Avenue,NO2,NO2,2008-02-03 22:00:00,7.4
GR9,Greenwich - Westhorne Avenue,NO2,NO2,2008-02-03 23:00:00,6.1
GR9,Greenwich - Westhorne Avenue,NO2,NO2,2008-02-04 00:00:00,7.4
GR9,Greenwich - Westhorne Avenue,NO2,NO2,2008-02-04 01:00:00,3.3
GR9,Greenwich - Westhorne Avenue,NO2,NO2,2008-02-04 02:00:00,4.3
GR9,Greenwich - Westhorne Avenue,NO2,NO2,2008-02-04 03:00:00,7.3
GR9,Greenwich - Westhorne Avenue,NO2,NO2,2008-02-04 04:00:00,8.5
GR9,Greenwich - Westhorne Avenue,NO2,NO2,2008-02-04 05:00:00,23.2
GR9,Greenwich - Westhorne Avenue,NO2,NO2,2008-02-04 06:00:00,53.7
GR9,Greenwich - Westhorne Avenue,NO2,NO2,2008-02-04 07:00:00,50.7
GR9,Greenwich - Westhorne Avenue,NO2,NO2,2008-02-04 08:00:00,72.7
GR9,Greenwich - Westhorne Avenue,NO2,NO2,2008-02-04 09:00:00,44.7
GR9,Greenwich - Westhorne Avenue,NO2,NO2,2008-02-04 10:00:00,38.6
GR9,Greenwich - Westhorne Avenue,NO2,NO2,2008-02-04 11:00:00,30.7
GR9,Greenwich - Westhorne Avenue,NO2,NO2,2008-02-04 12:00:00,12.9
GR9,Greenwich - Westhorne Avenue,NO2,NO2,2008-02-04 13:00:00,14.8
GR9,Greenwich - Westhorne Avenue,NO2,NO2,2008-02-04 14:00:00,29.0
GR9,Greenwich - Westhorne Avenue,NO2,NO2,2008-02-04 15:00:00,51.3
GR9,Greenwich - Westhorne Avenue,NO2,NO2,2008-02-04 16:00:00,62.3
GR9,Greenwich - Westhorne Avenue,NO2,NO2,2008-02-04 17:00:00,76.8
GR9,Greenwich - Westhorne Avenue,NO2,NO2,2008-02-04 18:00:00,58.5
GR9,Greenwich - Westhorne Avenue,NO2,NO2,2008-02-04 19:00:00,44.2
GR9,Greenwich - Westhorne Avenue,NO2,NO2,2008-02-04 20:00:00,36.9
GR9,Greenwich - Westhorne Avenue,NO2,NO2,2008-02-04 21:00:00,27.6
GR9,Greenwich - Westhorne Avenue,NO2,NO2,2008-02-04 22:00:00,11.1
GR9,Greenwich - Westhorne Avenue,NO2,NO2,2008-02-04 23:00:00,6.1
GR9,Greenwich - Westhorne Avenue,NO2,NO2,2008-02-05 00:00:00,1.7
GR9,Greenwich - Westhorne Avenue,NO2,NO2,2008-02-05 01:00:00,0.0
GR9,Greenwich - Westhorne Avenue,NO2,NO2,2008-02-05 02:00:00,0.0
GR9,Greenwich - Westhorne Avenue,NO2,NO2,2008-02-05 03:00:00,1.3
GR9,Greenwich - Westhorne Avenue,NO2,NO2,2008-02-05 04:00:00,7.4
GR9,Greenwich - Westhorne Avenue,NO2,NO2,2008-02-05 05:00:00,21.5
GR9,Greenwich - Westhorne Avenue,NO2,NO2,2008-02-05 06:00:00,37.6
GR9,Greenwich - Westhorne Avenue,NO2,NO2,2008-02-05 07:00:00,49.9
GR9,Greenwich - Westhorne Avenue,NO2,NO2,2008-02-05 08:00:00,44.2
GR9,Greenwich - Westhorne Avenue,NO2,NO2,2008-02-05 09:00:00,36.2
GR9,Greenwich - Westhorne Avenue,NO2,NO2,2008-02-05 10:00:00,27.0
GR9,Greenwich - Westhorne Avenue,NO2,NO2,2008-02-05 11:00:00,28.9
GR9,Greenwich - Westhorne Avenue,NO2,NO2,2008-02-05 12:00:00,29.0
GR9,Greenwich - Westhorne Avenue,NO2,NO2,2008-02-05 13:00:00,32.7
GR9,Greenwich - Westhorne Avenue,NO2,NO2,2008-02-05 14:00:00,45.0
GR9,Greenwich - Westhorne Avenue,NO2,NO2,2008-02-05 15:00:00,43.8
GR9,Greenwich - Westhorne Avenue,NO2,NO2,2008-02-05 16:00:00,24.5
GR9,Greenwich - Westhorne Avenue,NO2,NO2,2008-02-05 17:00:00,32.5
GR9,Greenwich - Westhorne Avenue,NO2,NO2,2008-02-05 18:00:00,24.5
GR9,Greenwich - Westhorne Avenue,NO2,NO2,2008-02-05 19:00:00,26.3
GR9,Greenwich - Westhorne Avenue,NO2,NO2,2008-02-05 20:00:00,19.6
GR9,Greenwich - Westhorne Avenue,NO2,NO2,2008-02-05 21:00:00,17.7
GR9,Greenwich - Westhorne Avenue,NO2,NO2,2008-02-05 22:00:00,11.0
GR9,Greenwich - Westhorne Avenue,NO2,NO2,2008-02-05 23:00:00,7.3
GR9,Greenwich - Westhorne Avenue,PM2.5,PM25,2008-01-31 00:00:00,10.6
GR9,Greenwich - Westhorne Avenue,PM2.5,PM25,2008-01-31 01:00:00,5.9
GR9,Greenwich - Westhorne Avenue,PM2.5,PM25,2008-01-31 02:00:00,4.6
GR9,Greenwich - Westhorne Avenue,PM2.5,PM25,2008-01-31 03:00:00,3.7
GR9,Greenwich - Westhorne Avenue,PM2.5,PM25,2008-01-31 04:00:00,5.2
GR9,Greenwich - Westhorne Avenue,PM2.5,PM25,2008-01-31 05:00:00,7.0
GR9,Greenwich - Westhorne Avenue,PM2.5,PM25,2008-01-31 07:00:00,5.2
GR9,Greenwich - Westhorne Avenue,PM2.5,PM25,2008-01-31 08:00:00,7.3
GR9,Greenwich - Westhorne Avenue,PM2.5,PM25,2008-01-31 09:00:00,9.1
GR9,Greenwich - Westhorne Avenue,PM2.5,PM25,2008-01-31 10:00:00,6.7
GR9,Greenwich - Westhorne Avenue,PM2.5,PM25,2008-01-31 11:00:00,5.6
GR9,Greenwich - Westhorne Avenue,PM2.5,PM25,2008-01-31 12:00:00,7.6
GR9,Greenwich - Westhorne Avenue,PM2.5,PM25,2008-01-31 13:00:00,8.3
GR9,Greenwich - Westhorne Avenue,PM2.5,PM25,2008-01-31 14:00:00,10.1
GR9,Greenwich - Westhorne Avenue,PM2.5,PM25,2008-01-31 15:00:00,7.3
GR9,Greenwich - Westhorne Avenue,PM2.5,PM25,2008-01-31 16:00:00,8.6
GR9,Greenwich - Westhorne Avenue,PM2.5,PM25,2008-01-31 17:00:00,6.9
GR9,Greenwich - Westhorne Avenue,PM2.5,PM25,2008-01-31 18:00:00,5.6
GR9,Greenwich - Westhorne Avenue,PM2.5,PM25,2008-01-31 19:00:00,5.0
GR9,Greenwich - Westhorne Avenue,PM2.5,PM25,2008-01-31 20:00:00,6.2
GR9,Greenwich - Westhorne Avenue,PM2.5,PM25,2008-01-31 21:00:00,7.2
GR9,Greenwich - Westhorne Avenue,PM2.5,PM25,2008-01-31 22:00:00,6.1
GR9,Greenwich - Westhorne Avenue,PM2.5,PM25,2008-01-31 23:00:00,4.7
GR9,Greenwich - Westhorne Avenue,PM2.5,PM25,2008-02-01 00:00:00,2.7
GR9,Greenwich - Westhorne Avenue,PM2.5,PM25,2008-02-01 01:00:00,2.5
GR9,Greenwich - Westhorne Avenue,PM2.5,PM25,2008-02-01 02:00:00,2.2
GR9,Greenwich - Westhorne Avenue,PM2.5,PM25,2008-02-01 03:00:00,2.2
GR9,Greenwich - Westhorne Avenue,PM2.5,PM25,2008-02-01 04:00:00,4.6
GR9,Greenwich - Westhorne Avenue,PM2.5,PM25,2008-02-01 05:00:00,5.9
GR9,Greenwich - Westhorne Avenue,PM2.5,PM25,2008-02-01 06:00:00,6.0
GR9,Greenwich - Westhorne Avenue,PM2.5,PM25,2008-02-01 07:00:00,7.6
GR9,Greenwich - Westhorne Avenue,PM2.5,PM25,2008-02-01 08:00:00,8.4
GR9,Greenwich - Westhorne Avenue,PM2.5,PM25,2008-02-01 09:00:00,8.1
GR9,Greenwich - Westhorne Avenue,PM2.5,PM25,2008-02-01 10:00:00,8.7
GR9,Greenwich - Westhorne Avenue,PM2.5,PM25,2008-02-01 11:00:00,9.2
GR9,Greenwich - Westhorne Avenue,PM2.5,PM25,2008-02-01 12:00:00,7.2
GR9,Greenwich - Westhorne Avenue,PM2.5,PM25,2008-02-01 13:00:00,6.6
GR9,Greenwich - Westhorne Avenue,PM2.5,PM25,2008-02-01 14:00:00,7.8
GR9,Greenwich - Westhorne Avenue,PM2.5,PM25,2008-02-01 15:00:00,5.7
GR9,Greenwich - Westhorne Avenue,PM2.5,PM25,2008-02-01 16:00:00,6.3
GR9,Greenwich - Westhorne Avenue,PM2.5,PM25,2008-02-01 17:00:00,8.1
GR9,Greenwich - Westhorne Avenue,PM2.5,PM25,2008-02-01 18:00:00,5.9
GR9,Greenwich - Westhorne Avenue,PM2.5,PM25,2008-02-01 19:00:00,4.6
GR9,Greenwich - Westhorne Avenue,PM2.5,PM25,2008-02-01 20:00:00,7.9
GR9,Greenwich - Westhorne Avenue,PM2.5,PM25,2008-02-01 21:00:00,7.5
GR9,Greenwich - Westhorne Avenue,PM2.5,PM25,2008-02-01 22:00:00,5.1
GR9,Greenwich - Westhorne Avenue,PM2.5,PM25,2008-02-01 23:00:00,3.1
GR9,Greenwich - Westhorne Avenue,PM2.5,PM25,2008-02-02 00:00:00,7.6
GR9,Greenwich - Westhorne Avenue,PM2.5,PM25,2008-02-02 01:00:00,7.1
GR9,Greenwich - Westhorne Avenue,PM2.5,PM25,2008-02-02 02:00:00,4.8
GR9,Greenwich - Westhorne Avenue,PM2.5,PM25,2008-02-02 03:00:00,5.9
GR9,Greenwich - Westhorne Avenue,PM2.5,PM25,2008-02-02 04:00:00,6.5
GR9,Greenwich - Westhorne Avenue,PM2.5,PM25,2008-02-02 05:00:00,8.5
GR9,Greenwich - Westhorne Avenue,PM2.5,PM25,2008-02-02 06:00:00,6.5
GR9,Greenwich - Westhorne Avenue,PM2.5,PM25,2008-02-02 07:00:00,13.7
GR9,Greenwich - Westhorne Avenue,PM2.5,PM25,2008-02-02 08:00:00,9.4
GR9,Greenwich - Westhorne Avenue,PM2.5,PM25,2008-02-02 09:00:00,7.3
GR9,Greenwich - Westhorne Avenue,PM2.5,PM25,2008-02-02 10:00:00,8.4
GR9,Greenwich - Westhorne Avenue,PM2.5,PM25,2008-02-02 11:00:00,6.4
GR9,Greenwich - Westhorne Avenue,PM2.5,PM25,2008-02-02 12:00:00,7.2
GR9,Greenwich - Westhorne Avenue,PM2.5,PM25,2008-02-02 13:00:00,5.7
GR9,Greenwich - Westhorne Avenue,PM2.5,PM25,2008-02-02 14:00:00,5.5
GR9,Greenwich - Westhorne Avenue,PM2.5,PM25,2008-02-02 15:00:00,6.1
GR9,Greenwich - Westhorne Avenue,PM2.5,PM25,2008-02-02 16:00:00,13.3
GR9,Greenwich - Westhorne Avenue,PM2.5,PM25,2008-02-02 17:00:00,14.9
GR9,Greenwich - Westhorne Avenue,PM2.5,PM25,2008-02-02 18:00:00,9.7
GR9,Greenwich - Westhorne Avenue,PM2.5,PM25,2008-02-02 19:00:00,10.1
GR9,Greenwich - Westhorne Avenue,PM2.5,PM25,2008-02-02 20:00:00,9.0
GR9,Greenwich - Westhorne Avenue,PM2.5,PM25,2008-02-02 21:00:00,6.9
GR9,Greenwich - Westhorne Avenue,PM2.5,PM25,2008-02-02 22:00:00,6.3
GR9,Greenwich - Westhorne Avenue,PM2.5,PM25,2008-02-02 23:00:00,9.1
GR9,Greenwich - Westhorne Avenue,PM2.5,PM25,2008-02-03 00:00:00,8.2
GR9,Greenwich - Westhorne Avenue,PM2.5,PM25,2008-02-03 01:00:00,8.8
GR9,Greenwich - Westhorne Avenue,PM2.5,PM25,2008-02-03 02:00:00,7.5
GR9,Greenwich - Westhorne Avenue,PM2.5,PM25,2008-02-03 03:00:00,7.5
GR9,Greenwich - Westhorne Avenue,PM2.5,PM25,2008-02-03 04:00:00,8.1
GR9,Greenwich - Westhorne Avenue,PM2.5,PM25,2008-02-03 05:00:00,8.1
GR9,Greenwich - Westhorne Avenue,PM2.5,PM25,2008-02-03 06:00:00,9.6
GR9,Greenwich - Westhorne Avenue,PM2.5,PM25,2008-02-03 07:00:00,7.0
GR9,Greenwich - Westhorne Avenue,PM2.5,PM25,2008-02-03 08:00:00,7.7
GR9,Greenwich - Westhorne Avenue,PM2.5,PM25,2008-02-03 09:00:00,9.2
GR9,Greenwich - Westhorne Avenue,PM2.5,PM25,2008-02-03 10:00:00,8.1
GR9,Greenwich - Westhorne Avenue,PM2.5,PM25,2008-02-03 11:00:00,9.0
GR9,Greenwich - Westhorne Avenue,PM2.5,PM25,2008-02-03 12:00:00,6.5
GR9,Greenwich - Westhorne Avenue,PM2.5,PM25,2008-02-03 13:00:00,7.5
GR9,Greenwich - Westhorne Avenue,PM2.5,PM25,2008-02-03 14:00:00,10.8
GR9,Greenwich - Westhorne Avenue,PM2.5,PM25,2008-02-03 15:00:00,8.8
GR9,Greenwich - Westhorne Avenue,PM2.5,PM25,2008-02-03 16:00:00,13.8
GR9,Greenwich - Westhorne Avenue,PM2.5,PM25,2008-02-03 17:00:00,13.1
GR9,Greenwich - Westhorne Avenue,PM2.5,PM25,2008-02-03 18:00:00,13.4
GR9,Greenwich - Westhorne Avenue,PM2.5,PM25,2008-02-03 19:00:00,10.9
GR9,Greenwich - Westhorne Avenue,PM2.5,PM25,2008-02-03 20:00:00,10.3
GR9,Greenwich - Westhorne Avenue,PM2.5,PM25,2008-02-03 21:00:00,10.3
GR9,Greenwich - Westhorne Avenue,PM2.5,PM25,2008-02-03 22:00:00,9.8
GR9,Greenwich - Westhorne Avenue,PM2.5,PM25,2008-02-03 23:00:00,10.6
GR9,Greenwich - Westhorne Avenue,PM2.5,PM25,2008-02-04 00:00:00,8.6
GR9,Greenwich - Westhorne Avenue,PM2.5,PM25,2008-02-04 02:00:00,4.3
GR9,Greenwich - Westhorne Avenue,PM2.5,PM25,2008-02-04 03:00:00,7.1
GR9,Greenwich - Westhorne Avenue,PM2.5,PM25,2008-02-04 04:00:00,7.1
GR9,Greenwich - Westhorne Avenue,PM2.5,PM25,2008-02-04 05:00:00,3.5
GR9,Greenwich - Westhorne Avenue,PM2.5,PM25,2008-02-04 06:00:00,8.8
GR9,Greenwich - Westhorne Avenue,PM2.5,PM25,2008-02-04 07:00:00,6.0
GR9,Greenwich - Westhorne Avenue,PM2.5,PM25,2008-02-04 08:00:00,9.8
GR9,Greenwich - Westhorne Avenue,PM2.5,PM25,2008-02-04 09:00:00,7.1
GR9,Greenwich - Westhorne Avenue,PM2.5,PM25,2008-02-04 10:00:00,9.1
GR9,Greenwich - Westhorne Avenue,PM2.5,PM25,2008-02-04 11:00:00,7.5
GR9,Greenwich - Westhorne Avenue,PM2.5,PM25,2008-02-04 12:00:00,5.5
GR9,Greenwich - Westhorne Avenue,PM2.5,PM25,2008-02-04 13:00:00,8.1
GR9,Greenwich - Westhorne Avenue,PM2.5,PM25,2008-02-04 14:00:00,7.7
GR9,Greenwich - Westhorne Avenue,PM2.5,PM25,2008-02-04 15:00:00,11.9
GR9,Greenwich - Westhorne Avenue,PM2.5,PM25,2008-02-04 16:00:00,16.6
GR9,Greenwich - Westhorne Avenue,PM2.5,PM25,2008-02-04 17:00:00,18.2
GR9,Greenwich - Westhorne Avenue,PM2.5,PM25,2008-02-04 18:00:00,12.8
GR9,Greenwich - Westhorne Avenue,PM2.5,PM25,2008-02-04 19:00:00,12.1
GR9,Greenwich - Westhorne Avenue,PM2.5,PM25,2008-02-04 20:00:00,13.2
GR9,Greenwich - Westhorne Avenue,PM2.5,PM25,2008-02-04 21:00:00,9.3
GR9,Greenwich - Westhorne Avenue,PM2.5,PM25,2008-02-04 22:00:00,7.8
GR9,Greenwich - Westhorne Avenue,PM2.5,PM25,2008-02-04 23:00:00,9.2
GR9,Greenwich - Westhorne Avenue,PM2.5,PM25,2008-02-05 00:00:00,4.9
GR9,Greenwich - Westhorne Avenue,PM2.5,PM25,2008-02-05 01:00:00,3.1
GR9,Greenwich - Westhorne Avenue,PM2.5,PM25,2008-02-05 02:00:00,4.0
GR9,Greenwich - Westhorne Avenue,PM2.5,PM25,2008-02-05 03:00:00,5.7
GR9,Greenwich - Westhorne Avenue,PM2.5,PM25,2008-02-05 04:00:00,7.2
GR9,Greenwich - Westhorne Avenue,PM2.5,PM25,2008-02-05 05:00:00,10.6
GR9,Greenwich - Westhorne Avenue,PM2.5,PM25,2008-02-05 06:00:00,15.8
GR9,Greenwich - Westhorne Avenue,PM2.5,PM25,2008-02-05 07:00:00,17.0
GR9,Greenwich - Westhorne Avenue,PM2.5,PM25,2008-02-05 08:00:00,15.9
GR9,Greenwich - Westhorne Avenue,PM2.5,PM25,2008-02-05 09:00:00,18.1
GR9,Greenwich - Westhorne Avenue,PM2.5,PM25,2008-02-05 10:00:00,18.7
GR9,Greenwich - Westhorne Avenue,PM2.5,PM25,2008-02-05 11:00:00,20.9
GR9,Greenwich - Westhorne Avenue,PM2.5,PM25,2008-02-05 12:00:00,22.2
GR9,Greenwich - Westhorne Avenue,PM2.5,PM25,2008-02-05 13:00:00,18.5
GR9,Greenwich - Westhorne Avenue,PM2.5,PM25,2008-02-05 14:00:00,21.6
GR9,Greenwich - Westhorne Avenue,PM2.5,PM25,2008-02-05 15:00:00,18.5
GR9,Greenwich - Westhorne Avenue,PM2.5,PM25,2008-02-05 16:00:00,13.6
GR9,Greenwich - Westhorne Avenue,PM2.5,PM25,2008-02-05 17:00:00,14.9
GR9,Greenwich - Westhorne Avenue,PM2.5,PM25,2008-02-05 18:00:00,16.7
GR9,Greenwich - Westhorne Avenue,PM2.5,PM25,2008-02-05 19:00:00,17.2
GR9,Greenwich - Westhorne Avenue,PM2.5,PM25,2008-02-05 20:00:00,18.2
GR9,Greenwich - Westhorne Avenue,PM2.5,PM25,2008-02-05 21:00:00,11.0
GR9,Greenwich - Westhorne Avenue,PM2.5,PM25,2008-02-05 22:00:00,10.8
GR9,Greenwich - Westhorne Avenue,PM2.5,PM25,2008-02-05 23:00:00,11.6
GR4,Greenwich - Eltham,NO2,NO2,2008-06-09 00:00:00,36.8
GR4,Greenwich - Eltham,NO2,NO2,2008-06-09 01:00:00,23.0
GR4,Greenwich - Eltham,NO2,NO2,2008-06-09 02:00:00,54.8
GR4,Greenwich - Eltham,NO2,NO2,2008-06-09 03:00:00,42.6
GR4,Greenwich - Eltham,NO2,NO2,2008-06-09 04:00:00,41.6
GR4,Greenwich - Eltham,NO2,NO2,2008-06-09 05:00:00,46.4
GR4,Greenwich - Eltham,NO2,NO2,2008-06-09 06:00:00,39.7
GR4,Greenwich - Eltham,NO2,NO2,2008-06-09 07:00:00,45.9
GR4,Greenwich - Eltham,NO2,NO2,2008-06-09 08:00:00,39.7
GR4,Greenwich - Eltham,NO2,NO2,2008-06-09 09:00:00,25.8
GR4,Greenwich - Eltham,NO2,NO2,2008-06-09 10:00:00,22.5
GR4,Greenwich - Eltham,NO2,NO2,2008-06-09 11:00:00,14.3
GR4,Greenwich - Eltham,NO2,NO2,2008-06-09 12:00:00,10.5
GR4,Greenwich - Eltham,NO2,NO2,2008-06-09 13:00:00,9.6
GR4,Greenwich - Eltham,NO2,NO2,2008-06-09 14:00:00,9.6
GR4,Greenwich - Eltham,NO2,NO2,2008-06-09 15:00:00,11.0
GR4,Greenwich - Eltham,NO2,NO2,2008-06-09 16:00:00,17.2
GR4,Greenwich - Eltham,NO2,NO2,2008-06-09 17:00:00,24.4
GR4,Greenwich - Eltham,NO2,NO2,2008-06-09 18:00:00,33.9
GR4,Greenwich - Eltham,NO2,NO2,2008-06-09 19:00:00,33.0
GR4,Greenwich - Eltham,NO2,NO2,2008-06-09 20:00:00,72.7
GR4,Greenwich - Eltham,NO2,NO2,2008-06-09 21:00:00,98.0
GR4,Greenwich - Eltham,NO2,NO2,2008-06-09 22:00:00,85.6
GR4,Greenwich - Eltham,NO2,NO2,2008-06-09 23:00:00,48.8
GR4,Greenwich - Eltham,NO2,NO2,2008-06-10 00:00:00,60.7
GR4,Greenwich - Eltham,NO2,NO2,2008-06-10 01:00:00,61.2
GR4,Greenwich - Eltham,NO2,NO2,2008-06-10 02:00:00,54.8
GR4,Greenwich - Eltham,NO2,NO2,2008-06-10 03:00:00,54.5
GR4,Greenwich - Eltham,NO2,NO2,2008-06-10 04:00:00,64.5
GR4,Greenwich - Eltham,NO2,NO2,2008-06-10 05:00:00,68.4
GR4,Greenwich - Eltham,NO2,NO2,2008-06-10 06:00:00,28.7
GR4,Greenwich - Eltham,NO2,NO2,2008-06-10 07:00:00,29.6
GR4,Greenwich - Eltham,NO2,NO2,2008-06-10 08:00:00,24.9
GR4,Greenwich - Eltham,NO2,NO2,2008-06-10 09:00:00,21.5
GR4,Greenwich - Eltham,NO2,NO2,2008-06-10 10:00:00,21.5
GR4,Greenwich - Eltham,NO2,NO2,2008-06-10 11:00:00,19.6
GR4,Greenwich - Eltham,NO2,NO2,2008-06-10 12:00:00,19.6
GR4,Greenwich - Eltham,NO2,NO2,2008-06-10 13:00:00,25.3
GR4,Greenwich - Eltham,NO2,NO2,2008-06-10 14:00:00,19.1
GR4,Greenwich - Eltham,NO2,NO2,2008-06-10 15:00:00,17.7
GR4,Greenwich - Eltham,NO2,NO2,2008-06-10 16:00:00,17.7
GR4,Greenwich - Eltham,NO2,NO2,2008-06-10 17:00:00,17.7
GR4,Greenwich - Eltham,NO2,NO2,2008-06-10 18:00:00,16.7
GR4,Greenwich - Eltham,NO2,NO2,2008-06-10 19:00:00,12.9
GR4,Greenwich - Eltham,NO2,NO2,2008-06-10 20:00:00,19.6
GR4,Greenwich - Eltham,NO2,NO2,2008-06-10 21:00:00,21.5
GR4,Greenwich - Eltham,NO2,NO2,2008-06-10 22:00:00,23.4
GR4,Greenwich - Eltham,NO2,NO2,2008-06-10 23:00:00,24.4
GR4,Greenwich - Eltham,NO2,NO2,2008-06-11 00:00:00,20.1
GR4,Greenwich - Eltham,NO2,NO2,2008-06-11 01:00:00,15.3
GR4,Greenwich - Eltham,NO2,NO2,2008-06-11 02:00:00,15.9
GR4,Greenwich - Eltham,NO2,NO2,2008-06-11 03:00:00,16.3
GR4,Greenwich - Eltham,NO2,NO2,2008-06-11 04:00:00,24.9
GR4,Greenwich - Eltham,NO2,NO2,2008-06-11 05:00:00,30.1
GR4,Greenwich - Eltham,NO2,NO2,2008-06-11 06:00:00,21.0
GR4,Greenwich - Eltham,NO2,NO2,2008-06-11 07:00:00,22.0
GR4,Greenwich - Eltham,NO2,NO2,2008-06-11 08:00:00,15.8
GR4,Greenwich - Eltham,NO2,NO2,2008-06-11 09:00:00,18.2
GR4,Greenwich - Eltham,NO2,NO2,2008-06-11 10:00:00,21.5
GR4,Greenwich - Eltham,NO2,NO2,2008-06-11 11:00:00,15.3
GR4,Greenwich - Eltham,NO2,NO2,2008-06-11 12:00:00,15.8
GR4,Greenwich - Eltham,NO2,NO2,2008-06-11 13:00:00,15.8
GR4,Greenwich - Eltham,NO2,NO2,2008-06-11 14:00:00,12.9
GR4,Greenwich - Eltham,NO2,NO2,2008-06-11 15:00:00,16.3
GR4,Greenwich - Eltham,NO2,NO2,2008-06-11 16:00:00,17.7
GR4,Greenwich - Eltham,NO2,NO2,2008-06-11 17:00:00,18.2
GR4,Greenwich - Eltham,NO2,NO2,2008-06-11 18:00:00,18.2
GR4,Greenwich - Eltham,NO2,NO2,2008-06-11 19:00:00,16.7
GR4,Greenwich - Eltham,NO2,NO2,2008-06-11 20:00:00,22.5
GR4,Greenwich - Eltham,NO2,NO2,2008-06-11 21:00:00,21.0
GR4,Greenwich - Eltham,NO2,NO2,2008-06-11 22:00:00,25.8
GR4,Greenwich - Eltham,NO2,NO2,2008-06-11 23:00:00,16.3
GR4,Greenwich - Eltham,NO2,NO2,2008-06-12 00:00:00,17.2
GR4,Greenwich - Eltham,NO2,NO2,2008-06-12 01:00:00,14.7
GR4,Greenwich - Eltham,NO2,NO2,2008-06-12 02:00:00,16.6
GR4,Greenwich - Eltham,NO2,NO2,2008-06-12 03:00:00,13.4
GR4,Greenwich - Eltham,NO2,NO2,2008-06-12 04:00:00,15.3
GR4,Greenwich - Eltham,NO2,NO2,2008-06-12 05:00:00,25.8
GR4,Greenwich - Eltham,NO2,NO2,2008-06-12 06:00:00,26.8
GR4,Greenwich - Eltham,NO2,NO2,2008-06-12 07:00:00,20.6
GR4,Greenwich - Eltham,NO2,NO2,2008-06-12 08:00:00,18.6
GR4,Greenwich - Eltham,NO2,NO2,2008-06-12 09:00:00,16.3
GR4,Greenwich - Eltham,NO2,NO2,2008-06-12 10:00:00,5.7
GR4,Greenwich - Eltham,NO2,NO2,2008-06-12 11:00:00,2.9
GR4,Greenwich - Eltham,NO2,NO2,2008-06-12 12:00:00,6.7
GR4,Greenwich - Eltham,NO2,NO2,2008-06-12 13:00:00,11.5
GR4,Greenwich - Eltham,NO2,NO2,2008-06-12 14:00:00,12.4
GR4,Greenwich - Eltham,NO2,NO2,2008-06-12 15:00:00,15.8
GR4,Greenwich - Eltham,NO2,NO2,2008-06-12 16:00:00,10.5
GR4,Greenwich - Eltham,NO2,NO2,2008-06-12 17:00:00,11.0
GR4,Greenwich - Eltham,NO2,NO2,2008-06-12 18:00:00,11.5
GR4,Greenwich - Eltham,NO2,NO2,2008-06-12 19:00:00,14.3
GR4,Greenwich - Eltham,NO2,NO2,2008-06-12 20:00:00,12.9
GR4,Greenwich - Eltham,NO2,NO2,2008-06-12 21:00:00,13.9
GR4,Greenwich - Eltham,NO2,NO2,2008-06-12 22:00:00,16.3
GR4,Greenwich - Eltham,NO2,NO2,2008-06-12 23:00:00,23.9
GR4,Greenwich - Eltham,NO2,NO2,2008-06-13 00:00:00,47.3
GR4,Greenwich - Eltham,NO2,NO2,2008-06-13 01:00:00,44.0
GR4,Greenwich - Eltham,NO2,NO2,2008-06-13 02:00:00,21.0
GR4,Greenwich - Eltham,NO2,NO2,2008-06-13 03:00:00,20.6
GR4,Greenwich - Eltham,NO2,NO2,2008-06-13 04:00:00,22.5
GR4,Greenwich - Eltham,NO2,NO2,2008-06-13 05:00:00,38.3
GR4,Greenwich - Eltham,NO2,NO2,2008-06-13 06:00:00,37.8
GR4,Greenwich - Eltham,NO2,NO2,2008-06-13 07:00:00,28.2
GR4,Greenwich - Eltham,NO2,NO2,2008-06-13 08:00:00,30.1
GR4,Greenwich - Eltham,NO2,NO2,2008-06-13 09:00:00,22.0
GR4,Greenwich - Eltham,NO2,NO2,2008-06-13 10:00:00,21.5
GR4,Greenwich - Eltham,NO2,NO2,2008-06-13 11:00:00,13.9
GR4,Greenwich - Eltham,NO2,NO2,2008-06-13 12:00:00,20.6
GR4,Greenwich - Eltham,NO2,NO2,2008-06-13 13:00:00,14.8
GR4,Greenwich - Eltham,NO2,NO2,2008-06-13 14:00:00,13.9
GR4,Greenwich - Eltham,NO2,NO2,2008-06-13 15:00:00,15.3
GR4,Greenwich - Eltham,NO2,NO2,2008-06-13 16:00:00,14.3
GR4,Greenwich - Eltham,NO2,NO2,2008-06-13 17:00:00,15.8
GR4,Greenwich - Eltham,NO2,NO2,2008-06-13 18:00:00,24.4
GR4,Greenwich - Eltham,NO2,NO2,2008-06-13 19:00:00,26.3
GR4,Greenwich - Eltham,NO2,NO2,2008-06-13 20:00:00,24.9
GR4,Greenwich - Eltham,NO2,NO2,2008-06-13 21:00:00,26.8
GR4,Greenwich - Eltham,NO2,NO2,2008-06-13 22:00:00,21.0
GR4,Greenwich - Eltham,NO2,NO2,2008-06-13 23:00:00,33.9
GR4,Greenwich - Eltham,NO2,NO2,2008-06-14 00:00:00,29.6
GR4,Greenwich - Eltham,NO2,NO2,2008-06-14 01:00:00,23.0
GR4,Greenwich - Eltham,NO2,NO2,2008-06-14 02:00:00,20.4
GR4,Greenwich - Eltham,NO2,NO2,2008-06-14 03:00:00,19.1
GR4,Greenwich - Eltham,NO2,NO2,2008-06-14 04:00:00,17.7
GR4,Greenwich - Eltham,NO2,NO2,2008-06-14 05:00:00,15.3
GR4,Greenwich - Eltham,NO2,NO2,2008-06-14 06:00:00,24.4
GR4,Greenwich - Eltham,NO2,NO2,2008-06-14 07:00:00,21.5
GR4,Greenwich - Eltham,NO2,NO2,2008-06-14 08:00:00,21.5
GR4,Greenwich - Eltham,NO2,NO2,2008-06-14 09:00:00,13.4
GR4,Greenwich - Eltham,NO2,NO2,2008-06-14 10:00:00,11.5
GR4,Greenwich - Eltham,NO2,NO2,2008-06-14 11:00:00,12.9
GR4,Greenwich - Eltham,NO2,NO2,2008-06-14 12:00:00,11.5
GR4,Greenwich - Eltham,NO2,NO2,2008-06-14 13:00:00,10.5
GR4,Greenwich - Eltham,NO2,NO2,2008-06-14 14:00:00,12.9
GR4,Greenwich - Eltham,NO2,NO2,2008-06-14 15:00:00,16.7
GR4,Greenwich - Eltham,NO2,NO2,2008-06-14 16:00:00,17.7
GR4,Greenwich - Eltham,NO2,NO2,2008-06-14 17:00:00,17.7
GR4,Greenwich - Eltham,NO2,NO2,2008-06-14 18:00:00,23.0
GR4,Greenwich - Eltham,NO2,NO2,2008-06-14 19:00:00,17.2
GR4,Greenwich - Eltham,NO2,NO2,2008-06-14 20:00:00,18.6
GR4,Greenwich - Eltham,NO2,NO2,2008-06-14 21:00:00,21.5
GR4,Greenwich - Eltham,NO2,NO2,2008-06-14 22:00:00,25.3
GR4,Greenwich - Eltham,NO2,NO2,2008-06-14 23:00:00,25.8
GR4,Greenwich - Eltham,PM2.5,PM25,2008-06-09 00:00:00,26.0
GR4,Greenwich - Eltham,PM2.5,PM25,2008-06-09 01:00:00,21.0
GR4,Greenwich - Eltham,PM2.5,PM25,2008-06-09 02:00:00,21.0
GR4,Greenwich - Eltham,PM2.5,PM25,2008-06-09 03:00:00,18.0
GR4,Greenwich - Eltham,PM2.5,PM25,2008-06-09 04:00:00,16.0
GR4,Greenwich - Eltham,PM2.5,PM25,2008-06-09 05:00:00,15.0
GR4,Greenwich - Eltham,PM2.5,PM25,2008-06-09 06:00:00,13.0
GR4,Greenwich - Eltham,PM2.5,PM25,2008-06-09 07:00:00,15.0
GR4,Greenwich - Eltham,PM2.5,PM25,2008-06-09 08:00:00,14.0
GR4,Greenwich - Eltham,PM2.5,PM25,2008-06-09 09:00:00,12.0
GR4,Greenwich - Eltham,PM2.5,PM25,2008-06-09 10:00:00,14.0
GR4,Greenwich - Eltham,PM2.5,PM25,2008-06-09 11:00:00,13.0
GR4,Greenwich - Eltham,PM2.5,PM25,2008-06-09 12:00:00,11.0
GR4,Greenwich - Eltham,PM2.5,PM25,2008-06-09 13:00:00,17.0
GR4,Greenwich - Eltham,PM2.5,PM25,2008-06-09 14:00:00,17.0
GR4,Greenwich - Eltham,PM2.5,PM25,2008-06-09 15:00:00,17.0
GR4,Greenwich - Eltham,PM2.5,PM25,2008-06-09 16:00:00,20.0
GR4,Greenwich - Eltham,PM2.5,PM25,2008-06-09 17:00:00,19.0
GR4,Greenwich - Eltham,PM2.5,PM25,2008-06-09 18:00:00,22.0
GR4,Greenwich - Eltham,PM2.5,PM25,2008-06-09 19:00:00,21.0
GR4,Greenwich - Eltham,PM2.5,PM25,2008-06-09 20:00:00,23.0
GR4,Greenwich - Eltham,PM2.5,PM25,2008-06-09 21:00:00,29.0
GR4,Greenwich - Eltham,PM2.5,PM25,2008-06-09 22:00:00,29.0
GR4,Greenwich - Eltham,PM2.5,PM25,2008-06-09 23:00:00,25.0
GR4,Greenwich - Eltham,PM2.5,PM25,2008-06-10 00:00:00,24.0
GR4,Greenwich - Eltham,PM2.5,PM25,2008-06-10 01:00:00,26.0
GR4,Greenwich - Eltham,PM2.5,PM25,2008-06-10 02:00:00,23.0
GR4,Greenwich - Eltham,PM2.5,PM25,2008-06-10 03:00:00,25.0
GR4,Greenwich - Eltham,PM2.5,PM25,2008-06-10 04:00:00,25.0
GR4,Greenwich - Eltham,PM2.5,PM25,2008-06-10 05:00:00,29.0
GR4,Greenwich - Eltham,PM2.5,PM25,2008-06-10 06:00:00,17.0
GR4,Greenwich - Eltham,PM2.5,PM25,2008-06-10 07:00:00,14.0
GR4,Greenwich - Eltham,PM2.5,PM25,2008-06-10 08:00:00,15.0
GR4,Greenwich - Eltham,PM2.5,PM25,2008-06-10 09:00:00,13.0
GR4,Greenwich - Eltham,PM2.5,PM25,2008-06-10 10:00:00,15.0
GR4,Greenwich - Eltham,PM2.5,PM25,2008-06-10 11:00:00,16.0
GR4,Greenwich - Eltham,PM2.5,PM25,2008-06-10 12:00:00,15.0
GR4,Greenwich - Eltham,PM2.5,PM25,2008-06-10 13:00:00,14.0
GR4,Greenwich - Eltham,PM2.5,PM25,2008-06-10 14:00:00,18.0
GR4,Greenwich - Eltham,PM2.5,PM25,2008-06-10 15:00:00,15.0
GR4,Greenwich - Eltham,PM2.5,PM25,2008-06-10 16:00:00,17.0
GR4,Greenwich - Eltham,PM2.5,PM25,2008-06-10 17:00:00,15.0
GR4,Greenwich - Eltham,PM2.5,PM25,2008-06-10 18:00:00,13.0
GR4,Greenwich - Eltham,PM2.5,PM25,2008-06-10 19:00:00,10.0
GR4,Greenwich - Eltham,PM2.5,PM25,2008-06-10 20:00:00,10.0
GR4,Greenwich - Eltham,PM2.5,PM25,2008-06-10 21:00:00,10.0
GR4,Greenwich - Eltham,PM2.5,PM25,2008-06-10 22:00:00,10.0
GR4,Greenwich - Eltham,PM2.5,PM25,2008-06-10 23:00:00,11.0
GR4,Greenwich - Eltham,PM2.5,PM25,2008-06-11 00:00:00,11.0
GR4,Greenwich - Eltham,PM2.5,PM25,2008-06-11 01:00:00,10.0
GR4,Greenwich - Eltham,PM2.5,PM25,2008-06-11 02:00:00,11.0
GR4,Greenwich - Eltham,PM2.5,PM25,2008-06-11 03:00:00,10.0
GR4,Greenwich - Eltham,PM2.5,PM25,2008-06-11 04:00:00,9.0
GR4,Greenwich - Eltham,PM2.5,PM25,2008-06-11 05:00:00,11.0
GR4,Greenwich - Eltham,PM2.5,PM25,2008-06-11 06:00:00,10.0
GR4,Greenwich - Eltham,PM2.5,PM25,2008-06-11 07:00:00,10.0
GR4,Greenwich - Eltham,PM2.5,PM25,2008-06-11 08:00:00,10.0
GR4,Greenwich - Eltham,PM2.5,PM25,2008-06-11 09:00:00,9.0
GR4,Greenwich - Eltham,PM2.5,PM25,2008-06-11 10:00:00,10.0
GR4,Greenwich - Eltham,PM2.5,PM25,2008-06-11 11:00:00,9.0
GR4,Greenwich - Eltham,PM2.5,PM25,2008-06-11 12:00:00,11.0
GR4,Greenwich - Eltham,PM2.5,PM25,2008-06-11 13:00:00,11.0
GR4,Greenwich - Eltham,PM2.5,PM25,2008-06-11 14:00:00,9.0
GR4,Greenwich - Eltham,PM2.5,PM25,2008-06-11 15:00:00,9.0
GR4,Greenwich - Eltham,PM2.5,PM25,2008-06-11 16:00:00,9.0
GR4,Greenwich - Eltham,PM2.5,PM25,2008-06-11 17:00:00,8.0
GR4,Greenwich - Eltham,PM2.5,PM25,2008-06-11 18:00:00,9.0
GR4,Greenwich - Eltham,PM2.5,PM25,2008-06-11 19:00:00,9.0
GR4,Greenwich - Eltham,PM2.5,PM25,2008-06-11 20:00:00,9.0
GR4,Greenwich - Eltham,PM2.5,PM25,2008-06-11 21:00:00,8.0
GR4,Greenwich - Eltham,PM2.5,PM25,2008-06-11 22:00:00,10.0
GR4,Greenwich - Eltham,PM2.5,PM25,2008-06-11 23:00:00,8.0
GR4,Greenwich - Eltham,PM2.5,PM25,2008-06-12 00:00:00,8.0
GR4,Greenwich - Eltham,PM2.5,PM25,2008-06-12 01:00:00,9.0
GR4,Greenwich - Eltham,PM2.5,PM25,2008-06-12 02:00:00,8.0
GR4,Greenwich - Eltham,PM2.5,PM25,2008-06-12 03:00:00,10.0
GR4,Greenwich - Eltham,PM2.5,PM25,2008-06-12 04:00:00,11.0
GR4,Greenwich - Eltham,PM2.5,PM25,2008-06-12 05:00:00,11.0
GR4,Greenwich - Eltham,PM2.5,PM25,2008-06-12 06:00:00,9.0
GR4,Greenwich - Eltham,PM2.5,PM25,2008-06-12 07:00:00,11.0
GR4,Greenwich - Eltham,PM2.5,PM25,2008-06-12 08:00:00,10.0
GR4,Greenwich - Eltham,PM2.5,PM25,2008-06-12 09:00:00,8.0
GR4,Greenwich - Eltham,PM2.5,PM25,2008-06-12 10:00:00,2.0
GR4,Greenwich - Eltham,PM2.5,PM25,2008-06-12 11:00:00,4.0
GR4,Greenwich - Eltham,PM2.5,PM25,2008-06-12 12:00:00,4.0
GR4,Greenwich - Eltham,PM2.5,PM25,2008-06-12 13:00:00,7.0
GR4,Greenwich - Eltham,PM2.5,PM25,2008-06-12 14:00:00,5.0
GR4,Greenwich - Eltham,PM2.5,PM25,2008-06-12 15:00:00,9.0
GR4,Greenwich - Eltham,PM2.5,PM25,2008-06-12 16:00:00,7.0
GR4,Greenwich - Eltham,PM2.5,PM25,2008-06-12 17:00:00,5.0
GR4,Greenwich - Eltham,PM2.5,PM25,2008-06-12 18:00:00,5.0
GR4,Greenwich - Eltham,PM2.5,PM25,2008-06-12 19:00:00,8.0
GR4,Greenwich - Eltham,PM2.5,PM25,2008-06-12 20:00:00,9.0
GR4,Greenwich - Eltham,PM2.5,PM25,2008-06-12 21:00:00,7.0
GR4,Greenwich - Eltham,PM2.5,PM25,2008-06-12 22:00:00,8.0
GR4,Greenwich - Eltham,PM2.5,PM25,2008-06-12 23:00:00,7.0
GR4,Greenwich - Eltham,PM2.5,PM25,2008-06-13 00:00:00,7.0
GR4,Greenwich - Eltham,PM2.5,PM25,2008-06-13 01:00:00,7.0
GR4,Greenwich - Eltham,PM2.5,PM25,2008-06-13 02:00:00,8.0
GR4,Greenwich - Eltham,PM2.5,PM25,2008-06-13 03:00:00,8.0
GR4,Greenwich - Eltham,PM2.5,PM25,2008-06-13 04:00:00,9.0
GR4,Greenwich - Eltham,PM2.5,PM25,2008-06-13 05:00:00,8.0
GR4,Greenwich - Eltham,PM2.5,PM25,2008-06-13 06:00:00,12.0
GR4,Greenwich - Eltham,PM2.5,PM25,2008-06-13 07:00:00,18.0
GR4,Greenwich - Eltham,PM2.5,PM25,2008-06-13 08:00:00,16.0
GR4,Greenwich - Eltham,PM2.5,PM25,2008-06-13 09:00:00,9.0
GR4,Greenwich - Eltham,PM2.5,PM25,2008-06-13 10:00:00,9.0
GR4,Greenwich - Eltham,PM2.5,PM25,2008-06-13 14:00:00,7.0
GR4,Greenwich - Eltham,PM2.5,PM25,2008-06-13 15:00:00,5.0
GR4,Greenwich - Eltham,PM2.5,PM25,2008-06-13 16:00:00,5.0
GR4,Greenwich - Eltham,PM2.5,PM25,2008-06-13 17:00:00,5.0
GR4,Greenwich - Eltham,PM2.5,PM25,2008-06-13 18:00:00,6.0
GR4,Greenwich - Eltham,PM2.5,PM25,2008-06-13 19:00:00,7.0
GR4,Greenwich - Eltham,PM2.5,PM25,2008-06-13 20:00:00,6.0
GR4,Greenwich - Eltham,PM2.5,PM25,2008-06-13 21:00:00,10.0
GR4,Greenwich - Eltham,PM2.5,PM25,2008-06-13 22:00:00,9.0
GR4,Greenwich - Eltham,PM2.5,PM25,2008-06-13 23:00:00,9.0
GR4,Greenwich - Eltham,PM2.5,PM25,2008-06-14 00:00:00,9.0
GR4,Greenwich - Eltham,PM2.5,PM25,2008-06-14 01:00:00,9.0
GR4,Greenwich - Eltham,PM2.5,PM25,2008-06-14 02:00:00,7.0
GR4,Greenwich - Eltham,PM2.5,PM25,2008-06-14 03:00:00,8.0
GR4,Greenwich - Eltham,PM2.5,PM25,2008-06-14 04:00:00,6.0
GR4,Greenwich - Eltham,PM2.5,PM25,2008-06-14 05:00:00,6.0
GR4,Greenwich - Eltham,PM2.5,PM25,2008-06-14 06:00:00,8.0
GR4,Greenwich - Eltham,PM2.5,PM25,2008-06-14 07:00:00,8.0
GR4,Greenwich - Eltham,PM2.5,PM25,2008-06-14 08:00:00,8.0
GR4,Greenwich - Eltham,PM2.5,PM25,2008-06-14 09:00:00,6.0
GR4,Greenwich - Eltham,PM2.5,PM25,2008-06-14 10:00:00,6.0
GR4,Greenwich - Eltham,PM2.5,PM25,2008-06-14 11:00:00,9.0
GR4,Greenwich - Eltham,PM2.5,PM25,2008-06-14 12:00:00,5.0
GR4,Greenwich - Eltham,PM2.5,PM25,2008-06-14 13:00:00,10.0
GR4,Greenwich - Eltham,PM2.5,PM25,2008-06-14 14:00:00,5.0
GR4,Greenwich - Eltham,PM2.5,PM25,2008-06-14 15:00:00,6.0
GR4,Greenwich - Eltham,PM2.5,PM25,2008-06-14 16:00:00,7.0
GR4,Greenwich - Eltham,PM2.5,PM25,2008-06-14 17:00:00,7.0
GR4,Greenwich - Eltham,PM2.5,PM25,2008-06-14 18:00:00,11.0
GR4,Greenwich - Eltham,PM2.5,PM25,2008-06-14 19:00:00,10.0
GR4,Greenwich - Eltham,PM2.5,PM25,2008-06-14 20:00:00,12.0
GR4,Greenwich - Eltham,PM2.5,PM25,2008-06-14 21:00:00,14.0
GR4,Greenwich - Eltham,PM2.5,PM25,2008-06-14 22:00:00,13.0
GR4,Greenwich - Eltham,PM2.5,PM25,2008-06-14 23:00:00,16.0
GN0,Greenwich - A206 Burrage Grove,NO2,NO2,2008-07-19 00:00:00,11.4
GN0,Greenwich - A206 Burrage Grove,NO2,NO2,2008-07-19 01:00:00,6.1
GN0,Greenwich - A206 Burrage Grove,NO2,NO2,2008-07-19 02:00:00,5.8
GN0,Greenwich - A206 Burrage Grove,NO2,NO2,2008-07-19 03:00:00,5.4
GN0,Greenwich - A206 Burrage Grove,NO2,NO2,2008-07-19 04:00:00,7.5
GN0,Greenwich - A206 Burrage Grove,NO2,NO2,2008-07-19 05:00:00,11.0
GN0,Greenwich - A206 Burrage Grove,NO2,NO2,2008-07-19 06:00:00,14.7
GN0,Greenwich - A206 Burrage Grove,NO2,NO2,2008-07-19 07:00:00,16.9
GN0,Greenwich - A206 Burrage Grove,NO2,NO2,2008-07-19 08:00:00,19.3
GN0,Greenwich - A206 Burrage Grove,NO2,NO2,2008-07-19 09:00:00,17.6
GN0,Greenwich - A206 Burrage Grove,NO2,NO2,2008-07-19 10:00:00,42.2
GN0,Greenwich - A206 Burrage Grove,NO2,NO2,2008-07-19 11:00:00,51.1
GN0,Greenwich - A206 Burrage Grove,NO2,NO2,2008-07-19 12:00:00,37.0
GN0,Greenwich - A206 Burrage Grove,NO2,NO2,2008-07-19 13:00:00,43.4
GN0,Greenwich - A206 Burrage Grove,NO2,NO2,2008-07-19 14:00:00,31.6
GN0,Greenwich - A206 Burrage Grove,NO2,NO2,2008-07-19 15:00:00,47.6
GN0,Greenwich - A206 Burrage Grove,NO2,NO2,2008-07-19 16:00:00,53.3
GN0,Greenwich - A206 Burrage Grove,NO2,NO2,2008-07-19 17:00:00,49.4
GN0,Greenwich - A206 Burrage Grove,NO2,NO2,2008-07-19 18:00:00,46.1
GN0,Greenwich - A206 Burrage Grove,NO2,NO2,2008-07-19 19:00:00,59.2
GN0,Greenwich - A206 Burrage Grove,NO2,NO2,2008-07-19 20:00:00,53.2
GN0,Greenwich - A206 Burrage Grove,NO2,NO2,2008-07-19 21:00:00,53.2
GN0,Greenwich - A206 Burrage Grove,NO2,NO2,2008-07-19 22:00:00,54.2
GN0,Greenwich - A206 Burrage Grove,NO2,NO2,2008-07-19 23:00:00,51.6
GN0,Greenwich - A206 Burrage Grove,NO2,NO2,2008-07-20 00:00:00,34.2
GN0,Greenwich - A206 Burrage Grove,NO2,NO2,2008-07-20 01:00:00,22.4
GN0,Greenwich - A206 Burrage Grove,NO2,NO2,2008-07-20 02:00:00,21.7
GN0,Greenwich - A206 Burrage Grove,NO2,NO2,2008-07-20 03:00:00,23.9
GN0,Greenwich - A206 Burrage Grove,NO2,NO2,2008-07-20 04:00:00,33.1
GN0,Greenwich - A206 Burrage Grove,NO2,NO2,2008-07-20 05:00:00,33.3
GN0,Greenwich - A206 Burrage Grove,NO2,NO2,2008-07-20 06:00:00,33.7
GN0,Greenwich - A206 Burrage Grove,NO2,NO2,2008-07-20 07:00:00,37.0
GN0,Greenwich - A206 Burrage Grove,NO2,NO2,2008-07-20 08:00:00,43.1
GN0,Greenwich - A206 Burrage Grove,NO2,NO2,2008-07-20 09:00:00,40.7
GN0,Greenwich - A206 Burrage Grove,NO2,NO2,2008-07-20 10:00:00,47.8
GN0,Greenwich - A206 Burrage Grove,NO2,NO2,2008-07-20 11:00:00,46.9
GN0,Greenwich - A206 Burrage Grove,NO2,NO2,2008-07-20 12:00:00,49.7
GN0,Greenwich - A206 Burrage Grove,NO2,NO2,2008-07-20 13:00:00,48.9
GN0,Greenwich - A206 Burrage Grove,NO2,NO2,2008-07-20 14:00:00,62.9
GN0,Greenwich - A206 Burrage Grove,NO2,NO2,2008-07-20 15:00:00,40.1
GN0,Greenwich - A206 Burrage Grove,NO2,NO2,2008-07-20 16:00:00,46.9
GN0,Greenwich - A206 Burrage Grove,NO2,NO2,2008-07-20 17:00:00,51.8
GN0,Greenwich - A206 Burrage Grove,NO2,NO2,2008-07-20 18:00:00,51.5
GN0,Greenwich - A206 Burrage Grove,NO2,NO2,2008-07-20 19:00:00,64.9
GN0,Greenwich - A206 Burrage Grove,NO2,NO2,2008-07-20 20:00:00,46.3
GN0,Greenwich - A206 Burrage Grove,NO2,NO2,2008-07-20 21:00:00,44.3
GN0,Greenwich - A206 Burrage Grove,NO2,NO2,2008-07-20 22:00:00,46.1
GN0,Greenwich - A206 Burrage Grove,NO2,NO2,2008-07-20 23:00:00,38.4
GN0,Greenwich - A206 Burrage Grove,NO2,NO2,2008-07-21 00:00:00,26.5
GN0,Greenwich - A206 Burrage Grove,NO2,NO2,2008-07-21 01:00:00,18.6
GN0,Greenwich - A206 Burrage Grove,NO2,NO2,2008-07-21 02:00:00,20.1
GN0,Greenwich - A206 Burrage Grove,NO2,NO2,2008-07-21 03:00:00,23.5
GN0,Greenwich - A206 Burrage Grove,NO2,NO2,2008-07-21 04:00:00,52.2
GN0,Greenwich - A206 Burrage Grove,NO2,NO2,2008-07-21 05:00:00,95.8
GN0,Greenwich - A206 Burrage Grove,NO2,NO2,2008-07-21 06:00:00,106.8
GN0,Greenwich - A206 Burrage Grove,NO2,NO2,2008-07-21 07:00:00,98.2
GN0,Greenwich - A206 Burrage Grove,NO2,NO2,2008-07-21 08:00:00,88.7
GN0,Greenwich - A206 Burrage Grove,NO2,NO2,2008-07-21 09:00:00,94.0
GN0,Greenwich - A206 Burrage Grove,NO2,NO2,2008-07-21 10:00:00,87.5
GN0,Greenwich - A206 Burrage Grove,NO2,NO2,2008-07-21 11:00:00,93.8
GN0,Greenwich - A206 Burrage Grove,NO2,NO2,2008-07-21 12:00:00,82.4
GN0,Greenwich - A206 Burrage Grove,NO2,NO2,2008-07-21 13:00:00,83.5
GN0,Greenwich - A206 Burrage Grove,NO2,NO2,2008-07-21 14:00:00,76.5
GN0,Greenwich - A206 Burrage Grove,NO2,NO2,2008-07-21 15:00:00,84.3
GN0,Greenwich - A206 Burrage Grove,NO2,NO2,2008-07-21 16:00:00,76.2
GN0,Greenwich - A206 Burrage Grove,NO2,NO2,2008-07-21 17:00:00,88.5
GN0,Greenwich - A206 Burrage Grove,NO2,NO2,2008-07-21 18:00:00,94.1
GN0,Greenwich - A206 Burrage Grove,NO2,NO2,2008-07-21 19:00:00,88.3
GN0,Greenwich - A206 Burrage Grove,NO2,NO2,2008-07-21 20:00:00,104.0
GN0,Greenwich - A206 Burrage Grove,NO2,NO2,2008-07-21 21:00:00,90.9
GN0,Greenwich - A206 Burrage Grove,NO2,NO2,2008-07-21 22:00:00,92.4
GN0,Greenwich - A206 Burrage Grove,NO2,NO2,2008-07-21 23:00:00,69.3
GN0,Greenwich - A206 Burrage Grove,NO2,NO2,2008-07-22 00:00:00,55.0
GN0,Greenwich - A206 Burrage Grove,NO2,NO2,2008-07-22 01:00:00,40.3
GN0,Greenwich - A206 Burrage Grove,NO2,NO2,2008-07-22 02:00:00,34.8
GN0,Greenwich - A206 Burrage Grove,NO2,NO2,2008-07-22 03:00:00,36.8
GN0,Greenwich - A206 Burrage Grove,NO2,NO2,2008-07-22 04:00:00,52.8
GN0,Greenwich - A206 Burrage Grove,NO2,NO2,2008-07-22 05:00:00,60.2
GN0,Greenwich - A206 Burrage Grove,NO2,NO2,2008-07-22 06:00:00,80.2
GN0,Greenwich - A206 Burrage Grove,NO2,NO2,2008-07-22 07:00:00,104.8
GN0,Greenwich - A206 Burrage Grove,NO2,NO2,2008-07-22 08:00:00,108.2
GN0,Greenwich - A206 Burrage Grove,NO2,NO2,2008-07-22 09:00:00,92.5
GN0,Greenwich - A206 Burrage Grove,NO2,NO2,2008-07-22 10:00:00,78.3
GN0,Greenwich - A206 Burrage Grove,NO2,NO2,2008-07-22 11:00:00,75.9
GN0,Greenwich - A206 Burrage Grove,NO2,NO2,2008-07-22 12:00:00,87.2
GN0,Greenwich - A206 Burrage Grove,NO2,NO2,2008-07-22 13:00:00,88.5
GN0,Greenwich - A206 Burrage Grove,NO2,NO2,2008-07-22 14:00:00,85.8
GN0,Greenwich - A206 Burrage Grove,NO2,NO2,2008-07-22 15:00:00,85.9
GN0,Greenwich - A206 Burrage Grove,NO2,NO2,2008-07-22 16:00:00,90.9
GN0,Greenwich - A206 Burrage Grove,NO2,NO2,2008-07-22 17:00:00,84.8
GN0,Greenwich - A206 Burrage Grove,NO2,NO2,2008-07-22 18:00:00,90.2
GN0,Greenwich - A206 Burrage Grove,NO2,NO2,2008-07-22 19:00:00,85.7
GN0,Greenwich - A206 Burrage Grove,NO2,NO2,2008-07-22 20:00:00,95.4
GN0,Greenwich - A206 Burrage Grove,NO2,NO2,2008-07-22 21:00:00,82.6
GN0,Greenwich - A206 Burrage Grove,NO2,NO2,2008-07-22 22:00:00,54.4
GN0,Greenwich - A206 Burrage Grove,NO2,NO2,2008-07-22 23:00:00,53.3
GN0,Greenwich - A206 Burrage Grove,NO2,NO2,2008-07-23 00:00:00,41.7
GN0,Greenwich - A206 Burrage Grove,NO2,NO2,2008-07-23 01:00:00,35.7
GN0,Greenwich - A206 Burrage Grove,NO2,NO2,2008-07-23 02:00:00,26.7
GN0,Greenwich - A206 Burrage Grove,NO2,NO2,2008-07-23 03:00:00,51.4
GN0,Greenwich - A206 Burrage Grove,NO2,NO2,2008-07-23 04:00:00,64.5
GN0,Greenwich - A206 Burrage Grove,NO2,NO2,2008-07-23 05:00:00,90.8
GN0,Greenwich - A206 Burrage Grove,NO2,NO2,2008-07-23 06:00:00,60.4
GN0,Greenwich - A206 Burrage Grove,NO2,NO2,2008-07-23 07:00:00,53.1
GN0,Greenwich - A206 Burrage Grove,NO2,NO2,2008-07-23 08:00:00,47.4
GN0,Greenwich - A206 Burrage Grove,NO2,NO2,2008-07-23 09:00:00,44.9
GN0,Greenwich - A206 Burrage Grove,NO2,NO2,2008-07-23 10:00:00,31.2
GN0,Greenwich - A206 Burrage Grove,NO2,NO2,2008-07-23 11:00:00,50.5
GN0,Greenwich - A206 Burrage Grove,NO2,NO2,2008-07-23 12:00:00,53.7
GN0,Greenwich - A206 Burrage Grove,NO2,NO2,2008-07-23 13:00:00,65.7
GN0,Greenwich - A206 Burrage Grove,NO2,NO2,2008-07-23 14:00:00,46.6
GN0,Greenwich - A206 Burrage Grove,NO2,NO2,2008-07-23 15:00:00,38.9
GN0,Greenwich - A206 Burrage Grove,NO2,NO2,2008-07-23 16:00:00,36.9
GN0,Greenwich - A206 Burrage Grove,NO2,NO2,2008-07-23 17:00:00,40.9
GN0,Greenwich - A206 Burrage Grove,NO2,NO2,2008-07-23 18:00:00,43.0
GN0,Greenwich - A206 Burrage Grove,NO2,NO2,2008-07-23 19:00:00,36.7
GN0,Greenwich - A206 Burrage Grove,NO2,NO2,2008-07-23 20:00:00,60.0
GN0,Greenwich - A206 Burrage Grove,NO2,NO2,2008-07-23 21:00:00,83.9
GN0,Greenwich - A206 Burrage Grove,NO2,NO2,2008-07-23 22:00:00,92.6
GN0,Greenwich - A206 Burrage Grove,NO2,NO2,2008-07-23 23:00:00,74.1
GN0,Greenwich - A206 Burrage Grove,NO2,NO2,2008-07-24 00:00:00,63.1
GN0,Greenwich - A206 Burrage Grove,NO2,NO2,2008-07-24 01:00:00,51.3
GN0,Greenwich - A206 Burrage Grove,NO2,NO2,2008-07-24 02:00:00,44.0
GN0,Greenwich - A206 Burrage Grove,NO2,NO2,2008-07-24 03:00:00,42.4
GN0,Greenwich - A206 Burrage Grove,NO2,NO2,2008-07-24 04:00:00,47.6
GN0,Greenwich - A206 Burrage Grove,NO2,NO2,2008-07-24 05:00:00,49.4
GN0,Greenwich - A206 Burrage Grove,NO2,NO2,2008-07-24 06:00:00,68.2
GN0,Greenwich - A206 Burrage Grove,NO2,NO2,2008-07-24 07:00:00,59.1
GN0,Greenwich - A206 Burrage Grove,NO2,NO2,2008-07-24 08:00:00,53.8
GN0,Greenwich - A206 Burrage Grove,NO2,NO2,2008-07-24 09:00:00,58.9
GN0,Greenwich - A206 Burrage Grove,NO2,NO2,2008-07-24 10:00:00,62.3
GN0,Greenwich - A206 Burrage Grove,NO2,NO2,2008-07-24 11:00:00,60.0
GN0,Greenwich - A206 Burrage Grove,NO2,NO2,2008-07-24 12:00:00,64.3
GN0,Greenwich - A206 Burrage Grove,NO2,NO2,2008-07-24 13:00:00,57.5
GN0,Greenwich - A206 Burrage Grove,NO2,NO2,2008-07-24 14:00:00,40.7
GN0,Greenwich - A206 Burrage Grove,NO2,NO2,2008-07-24 15:00:00,34.6
GN0,Greenwich - A206 Burrage Grove,NO2,NO2,2008-07-24 16:00:00,22.6
GN0,Greenwich - A206 Burrage Grove,NO2,NO2,2008-07-24 17:00:00,28.0
GN0,Greenwich - A206 Burrage Grove,NO2,NO2,2008-07-24 18:00:00,37.0
GN0,Greenwich - A206 Burrage Grove,NO2,NO2,2008-07-24 19:00:00,81.0
GN0,Greenwich - A206 Burrage Grove,NO2,NO2,2008-07-24 20:00:00,112.9
GN0,Greenwich - A206 Burrage Grove,NO2,NO2,2008-07-24 21:00:00,99.4
GN0,Greenwich - A206 Burrage Grove,NO2,NO2,2008-07-24 22:00:00,89.1
GN0,Greenwich - A206 Burrage Grove,NO2,NO2,2008-07-24 23:00:00,72.6
GN0,Greenwich - A206 Burrage Grove,PM2.5,PM25,2008-07-19 00:00:00,6.0
GN0,Greenwich - A206 Burrage Grove,PM2.5,PM25,2008-07-19 01:00:00,3.7
GN0,Greenwich - A206 Burrage Grove,PM2.5,PM25,2008-07-19 02:00:00,5.4
GN0,Greenwich - A206 Burrage Grove,PM2.5,PM25,2008-07-19 03:00:00,4.6
GN0,Greenwich - A206 Burrage Grove,PM2.5,PM25,2008-07-19 04:00:00,4.3
GN0,Greenwich - A206 Burrage Grove,PM2.5,PM25,2008-07-19 05:00:00,4.2
GN0,Greenwich - A206 Burrage Grove,PM2.5,PM25,2008-07-19 06:00:00,3.6
GN0,Greenwich - A206 Burrage Grove,PM2.5,PM25,2008-07-19 07:00:00,0.9
GN0,Greenwich - A206 Burrage Grove,PM2.5,PM25,2008-07-19 08:00:00,3.8
GN0,Greenwich - A206 Burrage Grove,PM2.5,PM25,2008-07-19 09:00:00,4.3
GN0,Greenwich - A206 Burrage Grove,PM2.5,PM25,2008-07-19 10:00:00,6.2
GN0,Greenwich - A206 Burrage Grove,PM2.5,PM25,2008-07-19 11:00:00,7.1
GN0,Greenwich - A206 Burrage Grove,PM2.5,PM25,2008-07-19 12:00:00,7.3
GN0,Greenwich - A206 Burrage Grove,PM2.5,PM25,2008-07-19 13:00:00,6.6
GN0,Greenwich - A206 Burrage Grove,PM2.5,PM25,2008-07-19 14:00:00,6.3
GN0,Greenwich - A206 Burrage Grove,PM2.5,PM25,2008-07-19 15:00:00,4.9
GN0,Greenwich - A206 Burrage Grove,PM2.5,PM25,2008-07-19 16:00:00,8.7
GN0,Greenwich - A206 Burrage Grove,PM2.5,PM25,2008-07-19 17:00:00,8.6
GN0,Greenwich - A206 Burrage Grove,PM2.5,PM25,2008-07-19 18:00:00,8.6
GN0,Greenwich - A206 Burrage Grove,PM2.5,PM25,2008-07-19 19:00:00,9.6
GN0,Greenwich - A206 Burrage Grove,PM2.5,PM25,2008-07-19 20:00:00,10.4
GN0,Greenwich - A206 Burrage Grove,PM2.5,PM25,2008-07-19 21:00:00,9.8
GN0,Greenwich - A206 Burrage Grove,PM2.5,PM25,2008-07-19 22:00:00,10.8
GN0,Greenwich - A206 Burrage Grove,PM2.5,PM25,2008-07-19 23:00:00,6.5
GN0,Greenwich - A206 Burrage Grove,PM2.5,PM25,2008-07-20 00:00:00,6.7
GN0,Greenwich - A206 Burrage Grove,PM2.5,PM25,2008-07-20 01:00:00,5.7
GN0,Greenwich - A206 Burrage Grove,PM2.5,PM25,2008-07-20 02:00:00,10.0
GN0,Greenwich - A206 Burrage Grove,PM2.5,PM25,2008-07-20 03:00:00,8.3
GN0,Greenwich - A206 Burrage Grove,PM2.5,PM25,2008-07-20 04:00:00,11.2
GN0,Greenwich - A206 Burrage Grove,PM2.5,PM25,2008-07-20 05:00:00,5.1
GN0,Greenwich - A206 Burrage Grove,PM2.5,PM25,2008-07-20 06:00:00,8.3
GN0,Greenwich - A206 Burrage Grove,PM2.5,PM25,2008-07-20 07:00:00,10.2
GN0,Greenwich - A206 Burrage Grove,PM2.5,PM25,2008-07-20 08:00:00,7.6
GN0,Greenwich - A206 Burrage Grove,PM2.5,PM25,2008-07-20 09:00:00,12.2
GN0,Greenwich - A206 Burrage Grove,PM2.5,PM25,2008-07-20 10:00:00,7.1
GN0,Greenwich - A206 Burrage Grove,PM2.5,PM25,2008-07-20 11:00:00,8.8
GN0,Greenwich - A206 Burrage Grove,PM2.5,PM25,2008-07-20 12:00:00,8.6
GN0,Greenwich - A206 Burrage Grove,PM2.5,PM25,2008-07-20 13:00:00,11.0
GN0,Greenwich - A206 Burrage Grove,PM2.5,PM25,2008-07-20 14:00:00,8.8
GN0,Greenwich - A206 Burrage Grove,PM2.5,PM25,2008-07-20 15:00:00,11.5
GN0,Greenwich - A206 Burrage Grove,PM2.5,PM25,2008-07-20 16:00:00,7.5
GN0,Greenwich - A206 Burrage Grove,PM2.5,PM25,2008-07-20 17:00:00,7.2
GN0,Greenwich - A206 Burrage Grove,PM2.5,PM25,2008-07-20 18:00:00,7.7
GN0,Greenwich - A206 Burrage Grove,PM2.5,PM25,2008-07-20 19:00:00,9.5
GN0,Greenwich - A206 Burrage Grove,PM2.5,PM25,2008-07-20 20:00:00,7.8
GN0,Greenwich - A206 Burrage Grove,PM2.5,PM25,2008-07-20 21:00:00,7.7
GN0,Greenwich - A206 Burrage Grove,PM2.5,PM25,2008-07-20 22:00:00,8.4
GN0,Greenwich - A206 Burrage Grove,PM2.5,PM25,2008-07-20 23:00:00,6.2
GN0,Greenwich - A206 Burrage Grove,PM2.5,PM25,2008-07-21 00:00:00,7.1
GN0,Greenwich - A206 Burrage Grove,PM2.5,PM25,2008-07-21 01:00:00,7.0
GN0,Greenwich - A206 Burrage Grove,PM2.5,PM25,2008-07-21 02:00:00,7.5
GN0,Greenwich - A206 Burrage Grove,PM2.5,PM25,2008-07-21 03:00:00,8.0
GN0,Greenwich - A206 Burrage Grove,PM2.5,PM25,2008-07-21 04:00:00,9.9
GN0,Greenwich - A206 Burrage Grove,PM2.5,PM25,2008-07-21 05:00:00,18.2
GN0,Greenwich - A206 Burrage Grove,PM2.5,PM25,2008-07-21 06:00:00,16.9
GN0,Greenwich - A206 Burrage Grove,PM2.5,PM25,2008-07-21 07:00:00,18.6
GN0,Greenwich - A206 Burrage Grove,PM2.5,PM25,2008-07-21 08:00:00,14.3
GN0,Greenwich - A206 Burrage Grove,PM2.5,PM25,2008-07-21 09:00:00,10.1
GN0,Greenwich - A206 Burrage Grove,PM2.5,PM25,2008-07-21 10:00:00,14.7
GN0,Greenwich - A206 Burrage Grove,PM2.5,PM25,2008-07-21 11:00:00,15.4
GN0,Greenwich - A206 Burrage Grove,PM2.5,PM25,2008-07-21 12:00:00,15.2
GN0,Greenwich - A206 Burrage Grove,PM2.5,PM25,2008-07-21 13:00:00,16.4
GN0,Greenwich - A206 Burrage Grove,PM2.5,PM25,2008-07-21 14:00:00,16.1
GN0,Greenwich - A206 Burrage Grove,PM2.5,PM25,2008-07-21 15:00:00,16.0
GN0,Greenwich - A206 Burrage Grove,PM2.5,PM25,2008-07-21 16:00:00,14.5
GN0,Greenwich - A206 Burrage Grove,PM2.5,PM25,2008-07-21 17:00:00,14.7
GN0,Greenwich - A206 Burrage Grove,PM2.5,PM25,2008-07-21 18:00:00,16.6
GN0,Greenwich - A206 Burrage Grove,PM2.5,PM25,2008-07-21 19:00:00,18.2
GN0,Greenwich - A206 Burrage Grove,PM2.5,PM25,2008-07-21 20:00:00,17.4
GN0,Greenwich - A206 Burrage Grove,PM2.5,PM25,2008-07-21 21:00:00,19.1
GN0,Greenwich - A206 Burrage Grove,PM2.5,PM25,2008-07-21 22:00:00,17.3
GN0,Greenwich - A206 Burrage Grove,PM2.5,PM25,2008-07-21 23:00:00,16.2
GN0,Greenwich - A206 Burrage Grove,PM2.5,PM25,2008-07-22 00:00:00,9.7
GN0,Greenwich - A206 Burrage Grove,PM2.5,PM25,2008-07-22 01:00:00,12.0
GN0,Greenwich - A206 Burrage Grove,PM2.5,PM25,2008-07-22 02:00:00,10.3
GN0,Greenwich - A206 Burrage Grove,PM2.5,PM25,2008-07-22 03:00:00,11.4
GN0,Greenwich - A206 Burrage Grove,PM2.5,PM25,2008-07-22 04:00:00,11.7
GN0,Greenwich - A206 Burrage Grove,PM2.5,PM25,2008-07-22 05:00:00,12.3
GN0,Greenwich - A206 Burrage Grove,PM2.5,PM25,2008-07-22 06:00:00,14.1
GN0,Greenwich - A206 Burrage Grove,PM2.5,PM25,2008-07-22 07:00:00,23.2
GN0,Greenwich - A206 Burrage Grove,PM2.5,PM25,2008-07-22 08:00:00,24.7
GN0,Greenwich - A206 Burrage Grove,PM2.5,PM25,2008-07-22 09:00:00,13.4
GN0,Greenwich - A206 Burrage Grove,PM2.5,PM25,2008-07-22 10:00:00,14.0
GN0,Greenwich - A206 Burrage Grove,PM2.5,PM25,2008-07-22 11:00:00,16.3
GN0,Greenwich - A206 Burrage Grove,PM2.5,PM25,2008-07-22 12:00:00,15.6
GN0,Greenwich - A206 Burrage Grove,PM2.5,PM25,2008-07-22 13:00:00,18.3
GN0,Greenwich - A206 Burrage Grove,PM2.5,PM25,2008-07-22 14:00:00,19.6
GN0,Greenwich - A206 Burrage Grove,PM2.5,PM25,2008-07-22 15:00:00,22.8
GN0,Greenwich - A206 Burrage Grove,PM2.5,PM25,2008-07-22 16:00:00,18.1
GN0,Greenwich - A206 Burrage Grove,PM2.5,PM25,2008-07-22 17:00:00,17.3
GN0,Greenwich - A206 Burrage Grove,PM2.5,PM25,2008-07-22 18:00:00,15.0
GN0,Greenwich - A206 Burrage Grove,PM2.5,PM25,2008-07-22 19:00:00,13.2
GN0,Greenwich - A206 Burrage Grove,PM2.5,PM25,2008-07-22 20:00:00,15.5
GN0,Greenwich - A206 Burrage Grove,PM2.5,PM25,2008-07-22 21:00:00,21.4
GN0,Greenwich - A206 Burrage Grove,PM2.5,PM25,2008-07-22 22:00:00,13.3
GN0,Greenwich - A206 Burrage Grove,PM2.5,PM25,2008-07-22 23:00:00,15.9
GN0,Greenwich - A206 Burrage Grove,PM2.5,PM25,2008-07-23 00:00:00,13.6
GN0,Greenwich - A206 Burrage Grove,PM2.5,PM25,2008-07-23 01:00:00,16.2
GN0,Greenwich - A206 Burrage Grove,PM2.5,PM25,2008-07-23 02:00:00,15.4
GN0,Greenwich - A206 Burrage Grove,PM2.5,PM25,2008-07-23 03:00:00,21.1
GN0,Greenwich - A206 Burrage Grove,PM2.5,PM25,2008-07-23 04:00:00,22.4
GN0,Greenwich - A206 Burrage Grove,PM2.5,PM25,2008-07-23 05:00:00,31.2
GN0,Greenwich - A206 Burrage Grove,PM2.5,PM25,2008-07-23 06:00:00,24.3
GN0,Greenwich - A206 Burrage Grove,PM2.5,PM25,2008-07-23 07:00:00,17.7
GN0,Greenwich - A206 Burrage Grove,PM2.5,PM25,2008-07-23 08:00:00,13.4
GN0,Greenwich - A206 Burrage Grove,PM2.5,PM25,2008-07-23 09:00:00,12.3
GN0,Greenwich - A206 Burrage Grove,PM2.5,PM25,2008-07-23 10:00:00,11.2
GN0,Greenwich - A206 Burrage Grove,PM2.5,PM25,2008-07-23 11:00:00,12.9
GN0,Greenwich - A206 Burrage Grove,PM2.5,PM25,2008-07-23 12:00:00,14.1
GN0,Greenwich - A206 Burrage Grove,PM2.5,PM25,2008-07-23 13:00:00,17.3
GN0,Greenwich - A206 Burrage Grove,PM2.5,PM25,2008-07-23 14:00:00,12.9
GN0,Greenwich - A206 Burrage Grove,PM2.5,PM25,2008-07-23 15:00:00,13.0
GN0,Greenwich - A206 Burrage Grove,PM2.5,PM25,2008-07-23 16:00:00,11.3
GN0,Greenwich - A206 Burrage Grove,PM2.5,PM25,2008-07-23 17:00:00,12.2
GN0,Greenwich - A206 Burrage Grove,PM2.5,PM25,2008-07-23 18:00:00,13.0
GN0,Greenwich - A206 Burrage Grove,PM2.5,PM25,2008-07-23 19:00:00,16.0
GN0,Greenwich - A206 Burrage Grove,PM2.5,PM25,2008-07-23 20:00:00,19.9
GN0,Greenwich - A206 Burrage Grove,PM2.5,PM25,2008-07-23 21:00:00,25.1
GN0,Greenwich - A206 Burrage Grove,PM2.5,PM25,2008-07-23 22:00:00,29.1
GN0,Greenwich - A206 Burrage Grove,PM2.5,PM25,2008-07-23 23:00:00,32.1
GN0,Greenwich - A206 Burrage Grove,PM2.5,PM25,2008-07-24 00:00:00,30.7
GN0,Greenwich - A206 Burrage Grove,PM2.5,PM25,2008-07-24 01:00:00,33.2
GN0,Greenwich - A206 Burrage Grove,PM2.5,PM25,2008-07-24 02:00:00,31.0
GN0,Greenwich - A206 Burrage Grove,PM2.5,PM25,2008-07-24 03:00:00,34.4
GN0,Greenwich - A206 Burrage Grove,PM2.5,PM25,2008-07-24 04:00:00,34.9
GN0,Greenwich - A206 Burrage Grove,PM2.5,PM25,2008-07-24 05:00:00,36.6
GN0,Greenwich - A206 Burrage Grove,PM2.5,PM25,2008-07-24 06:00:00,36.8
GN0,Greenwich - A206 Burrage Grove,PM2.5,PM25,2008-07-24 07:00:00,32.4
GN0,Greenwich - A206 Burrage Grove,PM2.5,PM25,2008-07-24 08:00:00,33.3
GN0,Greenwich - A206 Burrage Grove,PM2.5,PM25,2008-07-24 09:00:00,32.6
GN0,Greenwich - A206 Burrage Grove,PM2.5,PM25,2008-07-24 10:00:00,32.0
GN0,Greenwich - A206 Burrage Grove,PM2.5,PM25,2008-07-24 11:00:00,28.2
GN0,Greenwich - A206 Burrage Grove,PM2.5,PM25,2008-07-24 12:00:00,22.2
GN0,Greenwich - A206 Burrage Grove,PM2.5,PM25,2008-07-24 13:00:00,20.5
GN0,Greenwich - A206 Burrage Grove,PM2.5,PM25,2008-07-24 14:00:00,16.2
GN0,Greenwich - A206 Burrage Grove,PM2.5,PM25,2008-07-24 15:00:00,16.4
GN0,Greenwich - A206 Burrage Grove,PM2.5,PM25,2008-07-24 16:00:00,12.1
GN0,Greenwich - A206 Burrage Grove,PM2.5,PM25,2008-07-24 17:00:00,18.4
GN0,Greenwich - A206 Burrage Grove,PM2.5,PM25,2008-07-24 18:00:00,16.8
GN0,Greenwich - A206 Burrage Grove,PM2.5,PM25,2008-07-24 19:00:00,22.3
GN0,Greenwich - A206 Burrage Grove,PM2.5,PM25,2008-07-24 20:00:00,22.8
GN0,Greenwich - A206 Burrage Grove,PM2.5,PM25,2008-07-24 21:00:00,31.2
GN0,Greenwich - A206 Burrage Grove,PM2.5,PM25,2008-07-24 22:00:00,31.3
GN0,Greenwich - A206 Burrage Grove,PM2.5,PM25,2008-07-24 23:00:00,29.4
LW2,Lewisham - New Cross,NO2,NO2,2012-05-11 00:00:00,14.7
LW2,Lewisham - New Cross,NO2,NO2,2012-05-11 01:00:00,9.0
LW2,Lewisham - New Cross,NO2,NO2,2012-05-11 02:00:00,2.7
LW2,Lewisham - New Cross,NO2,NO2,2012-05-11 03:00:00,8.6
LW2,Lewisham - New Cross,NO2,NO2,2012-05-11 04:00:00,40.2
LW2,Lewisham - New Cross,NO2,NO2,2012-05-11 05:00:00,46.1
LW2,Lewisham - New Cross,NO2,NO2,2012-05-11 06:00:00,48.2
LW2,Lewisham - New Cross,NO2,NO2,2012-05-11 07:00:00,69.7
LW2,Lewisham - New Cross,NO2,NO2,2012-05-11 08:00:00,66.5
LW2,Lewisham - New Cross,NO2,NO2,2012-05-11 09:00:00,67.0
LW2,Lewisham - New Cross,NO2,NO2,2012-05-11 10:00:00,59.5
LW2,Lewisham - New Cross,NO2,NO2,2012-05-11 11:00:00,67.0
LW2,Lewisham - New Cross,NO2,NO2,2012-05-11 12:00:00,55.2
LW2,Lewisham - New Cross,NO2,NO2,2012-05-11 13:00:00,55.7
LW2,Lewisham - New Cross,NO2,NO2,2012-05-11 14:00:00,54.1
LW2,Lewisham - New Cross,NO2,NO2,2012-05-11 15:00:00,47.7
LW2,Lewisham - New Cross,NO2,NO2,2012-05-11 16:00:00,50.4
LW2,Lewisham - New Cross,NO2,NO2,2012-05-11 17:00:00,35.9
LW2,Lewisham - New Cross,NO2,NO2,2012-05-11 18:00:00,32.7
LW2,Lewisham - New Cross,NO2,NO2,2012-05-11 19:00:00,35.4
LW2,Lewisham - New Cross,NO2,NO2,2012-05-11 20:00:00,40.2
LW2,Lewisham - New Cross,NO2,NO2,2012-05-11 21:00:00,52.5
LW2,Lewisham - New Cross,NO2,NO2,2012-05-11 22:00:00,48.8
LW2,Lewisham - New Cross,NO2,NO2,2012-05-11 23:00:00,40.2
LW2,Lewisham - New Cross,NO2,NO2,2012-05-12 00:00:00,35.4
LW2,Lewisham - New Cross,NO2,NO2,2012-05-12 01:00:00,22.5
LW2,Lewisham - New Cross,NO2,NO2,2012-05-12 02:00:00,24.7
LW2,Lewisham - New Cross,NO2,NO2,2012-05-12 03:00:00,31.1
LW2,Lewisham - New Cross,NO2,NO2,2012-05-12 04:00:00,34.9
LW2,Lewisham - New Cross,NO2,NO2,2012-05-12 05:00:00,44.5
LW2,Lewisham - New Cross,NO2,NO2,2012-05-12 06:00:00,47.2
LW2,Lewisham - New Cross,NO2,NO2,2012-05-12 07:00:00,34.9
LW2,Lewisham - New Cross,NO2,NO2,2012-05-12 08:00:00,42.4
LW2,Lewisham - New Cross,NO2,NO2,2012-05-12 09:00:00,44.5
LW2,Lewisham - New Cross,NO2,NO2,2012-05-12 10:00:00,31.1
LW2,Lewisham - New Cross,NO2,NO2,2012-05-12 11:00:00,33.8
LW2,Lewisham - New Cross,NO2,NO2,2012-05-12 12:00:00,40.2
LW2,Lewisham - New Cross,NO2,NO2,2012-05-12 13:00:00,41.3
LW2,Lewisham - New Cross,NO2,NO2,2012-05-12 14:00:00,38.1
LW2,Lewisham - New Cross,NO2,NO2,2012-05-12 15:00:00,41.9
LW2,Lewisham - New Cross,NO2,NO2,2012-05-12 16:00:00,52.6
LW2,Lewisham - New Cross,NO2,NO2,2012-05-12 17:00:00,56.3
LW2,Lewisham - New Cross,NO2,NO2,2012-05-12 18:00:00,57.4
LW2,Lewisham - New Cross,NO2,NO2,2012-05-12 19:00:00,64.8
LW2,Lewisham - New Cross,NO2,NO2,2012-05-12 20:00:00,44.5
LW2,Lewisham - New Cross,NO2,NO2,2012-05-12 21:00:00,43.9
LW2,Lewisham - New Cross,NO2,NO2,2012-05-12 22:00:00,34.3
LW2,Lewisham - New Cross,NO2,NO2,2012-05-12 23:00:00,33.8
LW2,Lewisham - New Cross,NO2,NO2,2012-05-13 00:00:00,38.9
LW2,Lewisham - New Cross,NO2,NO2,2012-05-13 01:00:00,35.4
LW2,Lewisham - New Cross,NO2,NO2,2012-05-13 02:00:00,26.8
LW2,Lewisham - New Cross,NO2,NO2,2012-05-13 03:00:00,26.3
LW2,Lewisham - New Cross,NO2,NO2,2012-05-13 04:00:00,44.5
LW2,Lewisham - New Cross,NO2,NO2,2012-05-13 05:00:00,35.9
LW2,Lewisham - New Cross,NO2,NO2,2012-05-13 06:00:00,52.1
LW2,Lewisham - New Cross,NO2,NO2,2012-05-13 07:00:00,43.5
LW2,Lewisham - New Cross,NO2,NO2,2012-05-13 08:00:00,51.6
LW2,Lewisham - New Cross,NO2,NO2,2012-05-13 09:00:00,37.1
LW2,Lewisham - New Cross,NO2,NO2,2012-05-13 10:00:00,59.1
LW2,Lewisham - New Cross,NO2,NO2,2012-05-13 11:00:00,46.2
LW2,Lewisham - New Cross,NO2,NO2,2012-05-13 12:00:00,30.1
LW2,Lewisham - New Cross,NO2,NO2,2012-05-13 13:00:00,43.0
LW2,Lewisham - New Cross,NO2,NO2,2012-05-13 14:00:00,17.8
LW2,Lewisham - New Cross,NO2,NO2,2012-05-13 15:00:00,19.4
LW2,Lewisham - New Cross,NO2,NO2,2012-05-13 16:00:00,16.7
LW2,Lewisham - New Cross,NO2,NO2,2012-05-13 17:00:00,9.7
LW2,Lewisham - New Cross,NO2,NO2,2012-05-13 18:00:00,19.9
LW2,Lewisham - New Cross,NO2,NO2,2012-05-13 19:00:00,15.1
LW2,Lewisham - New Cross,NO2,NO2,2012-05-13 20:00:00,11.9
LW2,Lewisham - New Cross,NO2,NO2,2012-05-13 21:00:00,10.8
LW2,Lewisham - New Cross,NO2,NO2,2012-05-13 22:00:00,10.3
LW2,Lewisham - New Cross,NO2,NO2,2012-05-13 23:00:00,8.1
LW2,Lewisham - New Cross,NO2,NO2,2012-05-14 00:00:00,7.6
LW2,Lewisham - New Cross,NO2,NO2,2012-05-14 01:00:00,6.2
LW2,Lewisham - New Cross,NO2,NO2,2012-05-14 02:00:00,8.1
LW2,Lewisham - New Cross,NO2,NO2,2012-05-14 03:00:00,7.1
LW2,Lewisham - New Cross,NO2,NO2,2012-05-14 04:00:00,10.3
LW2,Lewisham - New Cross,NO2,NO2,2012-05-14 05:00:00,18.3
LW2,Lewisham - New Cross,NO2,NO2,2012-05-14 06:00:00,52.2
LW2,Lewisham - New Cross,NO2,NO2,2012-05-14 07:00:00,52.2
LW2,Lewisham - New Cross,NO2,NO2,2012-05-14 08:00:00,52.7
LW2,Lewisham - New Cross,NO2,NO2,2012-05-14 09:00:00,35.0
LW2,Lewisham - New Cross,NO2,NO2,2012-05-14 10:00:00,36.1
LW2,Lewisham - New Cross,NO2,NO2,2012-05-14 11:00:00,48.5
LW2,Lewisham - New Cross,NO2,NO2,2012-05-14 12:00:00,29.6
LW2,Lewisham - New Cross,NO2,NO2,2012-05-14 13:00:00,14.6
LW2,Lewisham - New Cross,NO2,NO2,2012-05-14 14:00:00,17.3
LW2,Lewisham - New Cross,NO2,NO2,2012-05-14 15:00:00,20.0
LW2,Lewisham - New Cross,NO2,NO2,2012-05-14 16:00:00,14.6
LW2,Lewisham - New Cross,NO2,NO2,2012-05-14 17:00:00,15.7
LW2,Lewisham - New Cross,NO2,NO2,2012-05-14 18:00:00,17.8
LW2,Lewisham - New Cross,NO2,NO2,2012-05-14 19:00:00,18.3
LW2,Lewisham - New Cross,NO2,NO2,2012-05-14 20:00:00,19.4
LW2,Lewisham - New Cross,NO2,NO2,2012-05-14 21:00:00,50.6
LW2,Lewisham - New Cross,NO2,NO2,2012-05-14 22:00:00,73.6
LW2,Lewisham - New Cross,NO2,NO2,2012-05-14 23:00:00,66.7
LW2,Lewisham - New Cross,NO2,NO2,2012-05-15 00:00:00,64.1
LW2,Lewisham - New Cross,NO2,NO2,2012-05-15 01:00:00,24.0
LW2,Lewisham - New Cross,NO2,NO2,2012-05-15 02:00:00,29.6
LW2,Lewisham - New Cross,NO2,NO2,2012-05-15 03:00:00,50.1
LW2,Lewisham - New Cross,NO2,NO2,2012-05-15 04:00:00,49.5
LW2,Lewisham - New Cross,NO2,NO2,2012-05-15 05:00:00,66.9
LW2,Lewisham - New Cross,NO2,NO2,2012-05-15 06:00:00,80.4
LW2,Lewisham - New Cross,NO2,NO2,2012-05-15 07:00:00,64.2
LW2,Lewisham - New Cross,NO2,NO2,2012-05-15 08:00:00,71.2
LW2,Lewisham - New Cross,NO2,NO2,2012-05-15 09:00:00,56.6
LW2,Lewisham - New Cross,NO2,NO2,2012-05-15 10:00:00,48.6
LW2,Lewisham - New Cross,NO2,NO2,2012-05-15 11:00:00,46.4
LW2,Lewisham - New Cross,NO2,NO2,2012-05-15 12:00:00,50.2
LW2,Lewisham - New Cross,NO2,NO2,2012-05-15 13:00:00,49.1
LW2,Lewisham - New Cross,NO2,NO2,2012-05-15 14:00:00,50.7
LW2,Lewisham - New Cross,NO2,NO2,2012-05-15 15:00:00,53.9
LW2,Lewisham - New Cross,NO2,NO2,2012-05-15 16:00:00,65.2
LW2,Lewisham - New Cross,NO2,NO2,2012-05-15 17:00:00,52.3
LW2,Lewisham - New Cross,NO2,NO2,2012-05-15 18:00:00,56.0
LW2,Lewisham - New Cross,NO2,NO2,2012-05-15 19:00:00,103.9
LW2,Lewisham - New Cross,NO2,NO2,2012-05-15 20:00:00,73.2
LW2,Lewisham - New Cross,NO2,NO2,2012-05-15 21:00:00,63.0
LW2,Lewisham - New Cross,NO2,NO2,2012-05-15 22:00:00,69.4
LW2,Lewisham - New Cross,NO2,NO2,2012-05-15 23:00:00,78.7
LW2,Lewisham - New Cross,NO2,NO2,2012-05-16 00:00:00,67.1
LW2,Lewisham - New Cross,NO2,NO2,2012-05-16 01:00:00,54.2
LW2,Lewisham - New Cross,NO2,NO2,2012-05-16 02:00:00,51.7
LW2,Lewisham - New Cross,NO2,NO2,2012-05-16 03:00:00,58.2
LW2,Lewisham - New Cross,NO2,NO2,2012-05-16 04:00:00,31.2
LW2,Lewisham - New Cross,NO2,NO2,2012-05-16 05:00:00,66.0
LW2,Lewisham - New Cross,NO2,NO2,2012-05-16 06:00:00,90.9
LW2,Lewisham - New Cross,NO2,NO2,2012-05-16 07:00:00,85.4
LW2,Lewisham - New Cross,NO2,NO2,2012-05-16 08:00:00,68.1
LW2,Lewisham - New Cross,NO2,NO2,2012-05-16 09:00:00,56.2
LW2,Lewisham - New Cross,NO2,NO2,2012-05-16 10:00:00,48.1
LW2,Lewisham - New Cross,NO2,NO2,2012-05-16 11:00:00,61.6
LW2,Lewisham - New Cross,NO2,NO2,2012-05-16 12:00:00,68.1
LW2,Lewisham - New Cross,NO2,NO2,2012-05-16 13:00:00,69.6
LW2,Lewisham - New Cross,NO2,NO2,2012-05-16 14:00:00,64.8
LW2,Lewisham - New Cross,NO2,NO2,2012-05-16 15:00:00,60.5
LW2,Lewisham - New Cross,NO2,NO2,2012-05-16 16:00:00,76.6
LW2,Lewisham - New Cross,NO2,NO2,2012-05-16 17:00:00,82.5
LW2,Lewisham - New Cross,NO2,NO2,2012-05-16 18:00:00,94.9
LW2,Lewisham - New Cross,NO2,NO2,2012-05-16 19:00:00,41.4
LW2,Lewisham - New Cross,NO2,NO2,2012-05-16 20:00:00,28.6
LW2,Lewisham - New Cross,NO2,NO2,2012-05-16 21:00:00,25.4
LW2,Lewisham - New Cross,NO2,NO2,2012-05-16 22:00:00,23.8
LW2,Lewisham - New Cross,NO2,NO2,2012-05-16 23:00:00,13.6
LW2,Lewisham - New Cross,PM2.5,PM25,2012-05-11 00:00:00,10.0
LW2,Lewisham - New Cross,PM2.5,PM25,2012-05-11 01:00:00,8.0
LW2,Lewisham - New Cross,PM2.5,PM25,2012-05-11 02:00:00,4.0
LW2,Lewisham - New Cross,PM2.5,PM25,2012-05-11 03:00:00,7.0
LW2,Lewisham - New Cross,PM2.5,PM25,2012-05-11 04:00:00,7.0
LW2,Lewisham - New Cross,PM2.5,PM25,2012-05-11 05:00:00,8.0
LW2,Lewisham - New Cross,PM2.5,PM25,2012-05-11 06:00:00,9.0
LW2,Lewisham - New Cross,PM2.5,PM25,2012-05-11 07:00:00,9.0
LW2,Lewisham - New Cross,PM2.5,PM25,2012-05-11 08:00:00,8.0
LW2,Lewisham - New Cross,PM2.5,PM25,2012-05-11 09:00:00,12.0
LW2,Lewisham - New Cross,PM2.5,PM25,2012-05-11 10:00:00,12.0
LW2,Lewisham - New Cross,PM2.5,PM25,2012-05-11 11:00:00,12.0
LW2,Lewisham - New Cross,PM2.5,PM25,2012-05-11 12:00:00,14.0
LW2,Lewisham - New Cross,PM2.5,PM25,2012-05-11 13:00:00,9.0
LW2,Lewisham - New Cross,PM2.5,PM25,2012-05-11 14:00:00,9.0
LW2,Lewisham - New Cross,PM2.5,PM25,2012-05-11 15:00:00,7.0
LW2,Lewisham - New Cross,PM2.5,PM25,2012-05-11 16:00:00,12.0
LW2,Lewisham - New Cross,PM2.5,PM25,2012-05-11 17:00:00,17.0
LW2,Lewisham - New Cross,PM2.5,PM25,2012-05-11 18:00:00,37.0
LW2,Lewisham - New Cross,PM2.5,PM25,2012-05-11 19:00:00,20.0
LW2,Lewisham - New Cross,PM2.5,PM25,2012-05-11 20:00:00,12.0
LW2,Lewisham - New Cross,PM2.5,PM25,2012-05-11 21:00:00,13.0
LW2,Lewisham - New Cross,PM2.5,PM25,2012-05-11 22:00:00,6.0
LW2,Lewisham - New Cross,PM2.5,PM25,2012-05-11 23:00:00,9.0
LW2,Lewisham - New Cross,PM2.5,PM25,2012-05-12 00:00:00,7.0
LW2,Lewisham - New Cross,PM2.5,PM25,2012-05-12 01:00:00,6.0
LW2,Lewisham - New Cross,PM2.5,PM25,2012-05-12 02:00:00,7.0
LW2,Lewisham - New Cross,PM2.5,PM25,2012-05-12 03:00:00,13.0
LW2,Lewisham - New Cross,PM2.5,PM25,2012-05-12 04:00:00,8.0
LW2,Lewisham - New Cross,PM2.5,PM25,2012-05-12 05:00:00,9.0
LW2,Lewisham - New Cross,PM2.5,PM25,2012-05-12 06:00:00,8.0
LW2,Lewisham - New Cross,PM2.5,PM25,2012-05-12 07:00:00,6.0
LW2,Lewisham - New Cross,PM2.5,PM25,2012-05-12 08:00:00,8.0
LW2,Lewisham - New Cross,PM2.5,PM25,2012-05-12 09:00:00,6.0
LW2,Lewisham - New Cross,PM2.5,PM25,2012-05-12 10:00:00,7.0
LW2,Lewisham - New Cross,PM2.5,PM25,2012-05-12 11:00:00,9.0
LW2,Lewisham - New Cross,PM2.5,PM25,2012-05-12 12:00:00,8.0
LW2,Lewisham - New Cross,PM2.5,PM25,2012-05-12 13:00:00,8.0
LW2,Lewisham - New Cross,PM2.5,PM25,2012-05-12 14:00:00,11.0
LW2,Lewisham - New Cross,PM2.5,PM25,2012-05-12 15:00:00,9.0
LW2,Lewisham - New Cross,PM2.5,PM25,2012-05-12 16:00:00,8.0
LW2,Lewisham - New Cross,PM2.5,PM25,2012-05-12 17:00:00,20.0
LW2,Lewisham - New Cross,PM2.5,PM25,2012-05-12 18:00:00,13.0
LW2,Lewisham - New Cross,PM2.5,PM25,2012-05-12 19:00:00,13.0
LW2,Lewisham - New Cross,PM2.5,PM25,2012-05-12 20:00:00,10.0
LW2,Lewisham - New Cross,PM2.5,PM25,2012-05-12 21:00:00,21.0
LW2,Lewisham - New Cross,PM2.5,PM25,2012-05-12 22:00:00,18.0
LW2,Lewisham - New Cross,PM2.5,PM25,2012-05-12 23:00:00,21.0
LW2,Lewisham - New Cross,PM2.5,PM25,2012-05-13 00:00:00,20.0
LW2,Lewisham - New Cross,PM2.5,PM25,2012-05-13 01:00:00,18.0
LW2,Lewisham - New Cross,PM2.5,PM25,2012-05-13 02:00:00,18.0
LW2,Lewisham - New Cross,PM2.5,PM25,2012-05-13 03:00:00,17.0
LW2,Lewisham - New Cross,PM2.5,PM25,2012-05-13 04:00:00,17.0
LW2,Lewisham - New Cross,PM2.5,PM25,2012-05-13 05:00:00,18.0
LW2,Lewisham - New Cross,PM2.5,PM25,2012-05-13 06:00:00,18.0
LW2,Lewisham - New Cross,PM2.5,PM25,2012-05-13 07:00:00,18.0
LW2,Lewisham - New Cross,PM2.5,PM25,2012-05-13 08:00:00,13.0
LW2,Lewisham - New Cross,PM2.5,PM25,2012-05-13 09:00:00,9.0
LW2,Lewisham - New Cross,PM2.5,PM25,2012-05-13 10:00:00,9.0
LW2,Lewisham - New Cross,PM2.5,PM25,2012-05-13 11:00:00,6.0
LW2,Lewisham - New Cross,PM2.5,PM25,2012-05-13 12:00:00,10.0
LW2,Lewisham - New Cross,PM2.5,PM25,2012-05-13 13:00:00,14.0
LW2,Lewisham - New Cross,PM2.5,PM25,2012-05-13 14:00:00,12.0
LW2,Lewisham - New Cross,PM2.5,PM25,2012-05-13 15:00:00,13.0
LW2,Lewisham - New Cross,PM2.5,PM25,2012-05-13 16:00:00,12.0
LW2,Lewisham - New Cross,PM2.5,PM25,2012-05-13 17:00:00,13.0
LW2,Lewisham - New Cross,PM2.5,PM25,2012-05-13 18:00:00,10.0
LW2,Lewisham - New Cross,PM2.5,PM25,2012-05-13 19:00:00,13.0
LW2,Lewisham - New Cross,PM2.5,PM25,2012-05-13 20:00:00,10.0
LW2,Lewisham - New Cross,PM2.5,PM25,2012-05-13 21:00:00,8.0
LW2,Lewisham - New Cross,PM2.5,PM25,2012-05-13 22:00:00,11.0
LW2,Lewisham - New Cross,PM2.5,PM25,2012-05-13 23:00:00,10.0
LW2,Lewisham - New Cross,PM2.5,PM25,2012-05-14 00:00:00,9.0
LW2,Lewisham - New Cross,PM2.5,PM25,2012-05-14 01:00:00,8.0
LW2,Lewisham - New Cross,PM2.5,PM25,2012-05-14 02:00:00,11.0
LW2,Lewisham - New Cross,PM2.5,PM25,2012-05-14 03:00:00,7.0
LW2,Lewisham - New Cross,PM2.5,PM25,2012-05-14 04:00:00,10.0
LW2,Lewisham - New Cross,PM2.5,PM25,2012-05-14 05:00:00,10.0
LW2,Lewisham - New Cross,PM2.5,PM25,2012-05-14 06:00:00,9.0
LW2,Lewisham - New Cross,PM2.5,PM25,2012-05-14 07:00:00,13.0
LW2,Lewisham - New Cross,PM2.5,PM25,2012-05-14 08:00:00,13.0
LW2,Lewisham - New Cross,PM2.5,PM25,2012-05-14 09:00:00,9.0
LW2,Lewisham - New Cross,PM2.5,PM25,2012-05-14 10:00:00,10.0
LW2,Lewisham - New Cross,PM2.5,PM25,2012-05-14 11:00:00,13.0
LW2,Lewisham - New Cross,PM2.5,PM25,2012-05-14 12:00:00,10.0
LW2,Lewisham - New Cross,PM2.5,PM25,2012-05-14 13:00:00,13.0
LW2,Lewisham - New Cross,PM2.5,PM25,2012-05-14 14:00:00,8.0
LW2,Lewisham - New Cross,PM2.5,PM25,2012-05-14 15:00:00,10.0
LW2,Lewisham - New Cross,PM2.5,PM25,2012-05-14 16:00:00,8.0
LW2,Lewisham - New Cross,PM2.5,PM25,2012-05-14 17:00:00,7.0
LW2,Lewisham - New Cross,PM2.5,PM25,2012-05-14 18:00:00,9.0
LW2,Lewisham - New Cross,PM2.5,PM25,2012-05-14 19:00:00,6.0
LW2,Lewisham - New Cross,PM2.5,PM25,2012-05-14 20:00:00,8.0
LW2,Lewisham - New Cross,PM2.5,PM25,2012-05-14 21:00:00,11.0
LW2,Lewisham - New Cross,PM2.5,PM25,2012-05-14 22:00:00,13.0
LW2,Lewisham - New Cross,PM2.5,PM25,2012-05-14 23:00:00,11.0
LW2,Lewisham - New Cross,PM2.5,PM25,2012-05-15 00:00:00,12.0
LW2,Lewisham - New Cross,PM2.5,PM25,2012-05-15 01:00:00,8.0
LW2,Lewisham - New Cross,PM2.5,PM25,2012-05-15 02:00:00,7.0
LW2,Lewisham - New Cross,PM2.5,PM25,2012-05-15 03:00:00,10.0
LW2,Lewisham - New Cross,PM2.5,PM25,2012-05-15 04:00:00,8.0
LW2,Lewisham - New Cross,PM2.5,PM25,2012-05-15 05:00:00,14.0
LW2,Lewisham - New Cross,PM2.5,PM25,2012-05-15 06:00:00,12.0
LW2,Lewisham - New Cross,PM2.5,PM25,2012-05-15 07:00:00,5.0
LW2,Lewisham - New Cross,PM2.5,PM25,2012-05-15 08:00:00,6.0
LW2,Lewisham - New Cross,PM2.5,PM25,2012-05-15 09:00:00,9.0
LW2,Lewisham - New Cross,PM2.5,PM25,2012-05-15 10:00:00,8.0
LW2,Lewisham - New Cross,PM2.5,PM25,2012-05-15 11:00:00,7.0
LW2,Lewisham - New Cross,PM2.5,PM25,2012-05-15 12:00:00,8.0
LW2,Lewisham - New Cross,PM2.5,PM25,2012-05-15 13:00:00,9.0
LW2,Lewisham - New Cross,PM2.5,PM25,2012-05-15 14:00:00,9.0
LW2,Lewisham - New Cross,PM2.5,PM25,2012-05-15 15:00:00,11.0
LW2,Lewisham - New Cross,PM2.5,PM25,2012-05-15 16:00:00,8.0
LW2,Lewisham - New Cross,PM2.5,PM25,2012-05-15 17:00:00,14.0
LW2,Lewisham - New Cross,PM2.5,PM25,2012-05-15 18:00:00,17.0
LW2,Lewisham - New Cross,PM2.5,PM25,2012-05-15 19:00:00,14.0
LW2,Lewisham - New Cross,PM2.5,PM25,2012-05-15 20:00:00,11.0
LW2,Lewisham - New Cross,PM2.5,PM25,2012-05-15 21:00:00,13.0
LW2,Lewisham - New Cross,PM2.5,PM25,2012-05-15 22:00:00,14.0
LW2,Lewisham - New Cross,PM2.5,PM25,2012-05-15 23:00:00,15.0
LW2,Lewisham - New Cross,PM2.5,PM25,2012-05-16 00:00:00,12.0
LW2,Lewisham - New Cross,PM2.5,PM25,2012-05-16 01:00:00,9.0
LW2,Lewisham - New Cross,PM2.5,PM25,2012-05-16 02:00:00,8.0
LW2,Lewisham - New Cross,PM2.5,PM25,2012-05-16 03:00:00,14.0
LW2,Lewisham - New Cross,PM2.5,PM25,2012-05-16 04:00:00,9.0
LW2,Lewisham - New Cross,PM2.5,PM25,2012-05-16 05:00:00,19.0
LW2,Lewisham - New Cross,PM2.5,PM25,2012-05-16 06:00:00,15.0
LW2,Lewisham - New Cross,PM2.5,PM25,2012-05-16 07:00:00,11.0
LW2,Lewisham - New Cross,PM2.5,PM25,2012-05-16 08:00:00,8.0
LW2,Lewisham - New Cross,PM2.5,PM25,2012-05-16 09:00:00,11.0
LW2,Lewisham - New Cross,PM2.5,PM25,2012-05-16 10:00:00,7.0
LW2,Lewisham - New Cross,PM2.5,PM25,2012-05-16 11:00:00,13.0
LW2,Lewisham - New Cross,PM2.5,PM25,2012-05-16 12:00:00,12.0
LW2,Lewisham - New Cross,PM2.5,PM25,2012-05-16 13:00:00,13.0
LW2,Lewisham - New Cross,PM2.5,PM25,2012-05-16 14:00:00,11.0
LW2,Lewisham - New Cross,PM2.5,PM25,2012-05-16 15:00:00,16.0
LW2,Lewisham - New Cross,PM2.5,PM25,2012-05-16 16:00:00,11.0
LW2,Lewisham - New Cross,PM2.5,PM25,2012-05-16 17:00:00,19.0
LW2,Lewisham - New Cross,PM2.5,PM25,2012-05-16 18:00:00,17.0
LW2,Lewisham - New Cross,PM2.5,PM25,2012-05-16 19:00:00,14.0
LW2,Lewisham - New Cross,PM2.5,PM25,2012-05-16 20:00:00,13.0
LW2,Lewisham - New Cross,PM2.5,PM25,2012-05-16 21:00:00,13.0
LW2,Lewisham - New Cross,PM2.5,PM25,2012-05-16 22:00:00,11.0
LW2,Lewisham - New Cross,PM2.5,PM25,2012-05-16 23:00:00,10.0
